restaurant_name,review_text,rating
Flavour Of Spice,All good food was soo delicious and staff also very polite,5.0
Flavour Of Spice,My personal recommendation. This is the best best best quality and tasty restaurant in Sikkim. Please visit and take tasty food.,5.0
Flavour Of Spice,"Great place to eat, sweets are good but food is awesome. Try the moglai paratha & chilli chicken with butter tawa roti is fabulous.",5.0
Flavour Of Spice,"Wonderful experience!!!  At last got a pure Bengali Restaurant in (Majitar)Sikkim after so many decades. Foods are delicious 😋. Now,  I am not far from my home due to  Flavor Of Spice .",5.0
Flavour Of Spice,Very good service and food also .,5.0
Flavour Of Spice,delicious food at a price you never imagined.must try .,5.0
Flavour Of Spice,Good food available 🙂,5.0
Flavour Of Spice,Very good food,5.0
Flavour Of Spice,Very good restaurant in Sikkim,5.0
Flavour Of Spice,Best food 😄,5.0
Flavour Of Spice,Very delicious items.,5.0
Flavour Of Spice,Hiegenic and best food,5.0
Flavour Of Spice,Spice andTesty food,5.0
Flavour Of Spice,The boy in the main counter is very rude and doesn't know how to deal with customer,1.0
Flavour Of Spice,Khub valo khabar,5.0
Punjabi Kitchen,"Great experience the staff are very nice foor is great in quality and quantity the washroom is very clean the environment is very great for family and friends

Great place",5.0
Punjabi Kitchen,"Even the whole place was empty still staff denied  seats on bigger table, totally ruined the whole mood. Zero professionalism, zero customer service, lack of empathy and respect towards customers. If there was option for minus rating i would have given that. Never visiting again. Zero recommendation to anyone if they can't even smile at customer no reason to be in service industry. Addding on to this no proper hygiene maintained.",1.0
Punjabi Kitchen,"Avoid this place at all costs! The management is a disaster and the service is a joke. Our order was wrong, the wait times were ridiculous, and the staff was incredibly disrespectful when we pointed out the mistakes. A restaurant is more than just food—it's about hospitality, and this place has zero. Gatiya service, gatiya attitude. Never coming back",1.0
Punjabi Kitchen,"Tried Indian cuisine and it was totally worth it. The outlet has a seating arrangement of approx 30.
.
.
.
Personally would prefer Chicken Tikka Masala(₹280) along with Butter Naan.
.
.
.
The menu is customisable also, as we had mentioned the spiciness and it was prepared accordingly.
.
.
.
Found a bit pricy accordingly with the quantity
.
.
.
#Recommended",4.0
Punjabi Kitchen,"A great place to stop if you are going to or returning from Gangtok. We ordered two plate of chicken bharta, wanted to order three but the owner suggested to order two first and then one more if needed. Along with it we had tandoori roti which were softband crispy and totally made of atta. Plus two tall glasses of lassi which we shared among three of us. Pricewise moderate, quality and quantity fantastic.",5.0
Punjabi Kitchen,Punjabi style food is of great quality but chinese and other items are not worth it...and I am a regular customer over here...waiting time is too long...all your patience will be lost.,3.0
Punjabi Kitchen,Food quantity and quality is good as compared to price. Restaurant vibes are also good. Their butter nun and chicken methimalai and lassi are a must try.,5.0
Punjabi Kitchen,Very bad customer service. Resturant is not busy at all and we've been waiting for more than 1.5 hours for the food. Horrible experience!,1.0
Punjabi Kitchen,Food was good in taste...but we had to wait about 25 minutes for our order.please keep it in mind and tell your customer for delays,2.0
Punjabi Kitchen,"We got struck in a jam and started exploring good restaurants nearby, we went by Google review and chose this place. It's a family run place serving delicious food and tea.
We ordered.
Chicken Biryani 7/10
Tandoori Chicken Masala 9/10
Tawa Roti 9/10
Milk Tea 10/10

Washroom was very clean.",5.0
Punjabi Kitchen,Amazing place. Very clean ambience. Service is great. Our most common hangout place.,5.0
Punjabi Kitchen,"One of the best places where I’ve had better chicken and butter naan 🔥. The owner is a very humble person , Great Ambience. A must try place if you’re in Sikkim ❤️.",5.0
Punjabi Kitchen,"Excellent place,  good people,  must visit.

Please enjoy chicken biryani.

Value for money",5.0
Punjabi Kitchen,The female waiters are so peaky...they continously staring on customer. Even though we req. Them not to roaming around us...bt still they are doing that and giving a weird of looks.,2.0
Punjabi Kitchen,Worst biriyani ever... If you try biriyani for the first time here you will never want to taste biriyani for lifetime...,1.0
Punjabi Kitchen,Amazing food. If u r finding the real north indian than this is the one. Am sure ull love it. Service is fast too.,5.0
Punjabi Kitchen,"unfortunately there's no option to revert on your not so nice reply on my first review. so, i had to make all this effort to write it down again. Now i totally get it may be it's just the way  you treat and speak to your customers (based on your reply) . If your tables were ""booked"" may be ur staff could have just told us POLITELY (which they did NOT) instead of being disrespectful on our faces. That's why we left without ordering. Moreover, i can see other reviews as well about your staff  being rude and unprofessional so... i guess mine is not so fake.
FEEDBACKS ARE TO LEARN AND IMPROVE .",1.0
Punjabi Kitchen,"Indian Food is Good Enough!!!!! Service is an area of concern….they need to hire better staff to increase the quality of service…
Avoid rush hours if possible or else it will be a long waiting!!!!",3.0
Punjabi Kitchen,"Masala Butter milk is a must try item here. Probably, this is the only place in entire Sikkim state where you get such kind of Butter milk.",5.0
Punjabi Kitchen,"Food was good, however, the behaviour of the billing staff was very arrogant. At least in this hospitality industry people need to be humble and generous while dealing.
Regards",2.0
Punjabi Kitchen,"Best place for Naan in my opinion with their Chilli Garlic Naan being my personal favourite.
You can pair it with a variety of non-veg and veg options provided.
Lassi is good too.",5.0
Punjabi Kitchen,"Food is great,but behaviour of staff is very arrogant and ignorant,it's better to try another restaurant,avoid this and save your money.",1.0
Punjabi Kitchen,"Food compare with the price is not worthy. If you have ever tasted food in North Indian restaurants. Trust me you will not be satisfied, as there food tastes  so different. Service is also not good, we had to wait for more than half an hour for food. Trust me there biryani doesn’t tastes like biryani it tastes like Fried  rice",1.0
Punjabi Kitchen,"The food is delicious, one must try biryani mutton and chicken and sweet lassi. The preparation has an authentic flavour of Punjab. The owner is very welcoming and has pleasant behaviour. If anyone is travelling to gangtok, they must visit this place.",5.0
Punjabi Kitchen,Authentic punjabi food. Had chole bhature and lassi. Both were perfect punjabi.,5.0
Punjabi Kitchen,"Food is good
Specially lassi and chhole bhature.
Dal makhani is also become favourite to your tongue.
And pricing also not too high and not too low .
If you are a food lover then must try it once.",4.0
Punjabi Kitchen,"Love the taste of butter chicken and Nan. We tried mutton biryani even we are from hyderabad, surprisingly
it has a  unique pleasant taste.
We enjoyed it.
Try this kitchen if u r near by.",5.0
Punjabi Kitchen,"Great restro for dining in❤❤❤❤
Located on NH10,a few steps ahead of indian oil petrol pump in Majhitar,East sikkim,Punjabi kitchen according to my view is a top rated affordable restaurant for a great meal with family and friends.
Variety of extremely affordable dishes available.
While on way to Gantok or a short trip to sikkim one must take a small halt to visit this place😊",5.0
Punjabi Kitchen,"The food is super delicious and in the place like Sikkim you will get real Punjabi tadka. Only thing is quantity is a bit less. If you eat more sabji with a roti, for two persons single sabji is not sufficient.",5.0
Punjabi Kitchen,"I visited this place for the very first time, and believe me in you it was worth. And most of all this is one of the finest Indian restaurant I have come across all over Sikkim in 35yrs of living. Excellent food. Thankyou for getting a little of Punjab to Sikkim. It’s worth the price. Keep it up and thankyou. Will visit again❤️",5.0
Punjabi Kitchen,Nice for North Indian food   I am very with staff or service,4.0
Punjabi Kitchen,"While living in Sikkim for almost 2 years. Being a Delhite, I find this place kinda my taste.
It has got sizzling Tandoori Chicken and all those other Tandoori things like Paneer Tikka ,etc. It has fulkas or rotis which are really good. It also serves gravy options which are really mouth watering. You should order Chicken Curry and Murg Masalam.
It also serves good beverages options like milk tea ( one should try)
Really good ambience. And prices are also moderate .
The staff is really nice and cooperative.
I guess one will have a really good time having a bite here.",4.0
Punjabi Kitchen,"It's a good place and the quality of the food is good, compared to other places around here.",4.0
Punjabi Kitchen,food are good but waiting period is too long. if you are in hurry and want to have lunch/dine and you have only 15-20 mins than definitely this is not the place but you have time you may try this . cheese paratha was awesome..☺️,4.0
Punjabi Kitchen,Super delicious food with great ambiance at a very affordable price. The owners are the kindest and the warmest soul who will definitely fill your tummy not only with their finger licking good food but also their love.,5.0
Punjabi Kitchen,Quantity is less as compared to price. Rest everything is good. But it's not like the taste of punjab or typical punjabi food.,3.0
Punjabi Kitchen,"Worst experience I've ever had in my life..
It's was very costly in such a simple food item and though it was not good in taste also and I wouldn't recommend you people to go there..
Such a bad experience which I ever had at this restaurant.... 😡😡😡",1.0
Punjabi Kitchen,"They are just doing time pass I guess. First eating place I have seen there water wasn't available 😂
I had ordered Rajma Masala Chicken Curry Rice & Chapati.
Chicken was Okay but Rajma masala was tasteless and it was smelling. They used old boiled Rajma. 😐 worst food but for SMIT College Students this is the one place to eat.",1.0
Punjabi Kitchen,"We tried biriyani here ,it's taste good but it's not biriyani it's seems like ghee polao with little bit masala they give two pieces of chicken leg and wings from gravy chicken .in a place like majhitar it's more than enough actually but if you want exact biriyani then please don't try but for a different experience you can try it's not tastes bad.",3.0
Punjabi Kitchen,A great place to stop if you are returning from Gangtok to Darjeeling .,5.0
Punjabi Kitchen,"Very nice menu...
Dishes are well balanced and really tasty...
Price is slightly on the higher side but worth for the quality, taste and hygiene...",4.0
Punjabi Kitchen,"Very Subtle Place. The food is decent, slightly over priced if you're going alone or going with just one person. Go in a group and have fun with friends and enjoy the food. Lassi is best. And so is the dal makhani😍",4.0
Punjabi Kitchen,"Very good food, everything we tried was on point. Service is a bit slow, but all food is prepared fresh. The taste justifies the time :)",5.0
Punjabi Kitchen,"Thank you for serving the best foods near Rangpo.Today, I have tasted your dishes for the 1st time and am very much satisfied.🙏",5.0
Punjabi Kitchen,"Food is great, but a bit expensive for the quantity they provide. Good place though, especially for SMIT students!",4.0
Punjabi Kitchen,"Very poor service and the staff is also very rude, order takes too much time to serve, ac doesn't work most of the time , water is not clean, taste of food is not worth the price",1.0
Punjabi Kitchen,"Most convenient place to eat as it is just next to the highway, good authentic food available, the usp of this restaurant is the variety of birth Indian dishes.. overall fantastic",5.0
Punjabi Kitchen,The food is really nice.. But they take time to serve the order.. And they run out of space always.. They don't have space to accommodate many customers.,3.0
"Imperfecto, Restro Lounge","Aesthetic restaurant cum bar foods look good and ofcourse taste good come and try out guys... at hotel imperfecto 🙌🏻
And also thanks to our attendent Priyanka Roy for her nice service and well behaviour 🙏🏻",5.0
"Imperfecto, Restro Lounge","It was supeeerrrbb
The food was sooooo delicious that we licked our fingers",5.0
"Imperfecto, Restro Lounge","The service and the food are great and the price according to the food is reasonable. The waiter who served us was also very nice  and helpful. She was friendly and greeted us with warm smiles. Overall, a great experience.",5.0
"Imperfecto, Restro Lounge",Awesome food and service excellent 👌 and atmosphere best 🥰🥰🥰 this items was sujeas by mr pritam and it’s was really good thank you imperfeto,5.0
"Imperfecto, Restro Lounge","The food and drinks we ordered were very tasty. Noodles, rice, and curries we had were all good and up to the expectations taste wise. I felt that the quantity of food should have been little more. They are quite less. The ambience and decorations are good enough. The restaurant is clean and hygienic. The price of the food is reasonable. Overall we had a good experience.",4.0
"Imperfecto, Restro Lounge",Neat and clean. Very hygienic.  Frankly waiter. Good service. Tasty food,5.0
"Imperfecto, Restro Lounge",The food and service quality was very truly exceptional nd mr pema make us very comfortable nd his service was excellent 👍,5.0
"Imperfecto, Restro Lounge",Loved the vibe and mostly mr.sarin who attend us was extremely humble and kind to us thank u and thank u the entire team excellent place,5.0
"Imperfecto, Restro Lounge",Nice place to eat clean Good hospitality food was super tasty and staff members are also very polite 💗,5.0
"Imperfecto, Restro Lounge","Everything was so good
Food 👌
Service 💯
Priyank Roy is such a sweet person here. Her service is 10 out of 10.",5.0
"Imperfecto, Restro Lounge","Before 7th may i had a very positive feelings about this restaurant.But on 7th of may i had a lunch at here which completely changed my opinion about their food & service .

When we went for lunch ,the restaurant was quite free but the waiter 1st suggested to change the seat without any proper reason we had done that which is quite inconvenient.

Food quality was too poor ,the laccha paratha we ordered was burned and we requested to change it but again they have served the same without changing .We had ordered  prawn salt pepper but they had served us one corn dish ,but during ordering we had shown the item in the menu to the waiter .

So this is the incident which happed with me so please be careful during ordering as it can spiil your mood .",1.0
"Imperfecto, Restro Lounge","We had an awesome experience, good food, ambiance was great, and staff were also quite humble and friendly specially Priyanka Roy di was really kind, sweet and humble.She made us feel very comfortable there.",5.0
"Imperfecto, Restro Lounge","I had a wonderful experience at this restaurant! The food was absolutely delicious — every dish was fresh, flavorful, and beautifully presented. The ambiance was cozy and inviting, making it a perfect place to relax and enjoy a meal.

A special thanks to Priyanka Roy from the staff — she was incredibly polite, attentive, and made sure we were comfortable throughout our visit. Her warm and friendly service truly added to our experience. Highly recommend this place and will definitely be coming back!",5.0
"Imperfecto, Restro Lounge",All is so good.. specially staff behaviour is excellent,5.0
"Imperfecto, Restro Lounge","Nice ambient and good hospitality. Good for starters and chineese foods.
For main course they uses ready gravy which not gave taste and masala in butter masala.
Otherwise great place to hangout with friends and family.",5.0
"Imperfecto, Restro Lounge",I personally always love visiting imperfecto...today we kinda came last minute...but the staff here is sooo good...they offered what's best and hospitality was amazing! Food to I know is always good! But the hospitality we received today was great! Specially Priyanka she really caring and so responding..her behavior was perfect! Very professional but still vibin . She is perfect for a good place like this.,5.0
"Imperfecto, Restro Lounge","It was really nice
Service was someone
Thank you Priyanka Roy for beautiful service",5.0
"Imperfecto, Restro Lounge",So I really like this place! Good music good setup! The bar is pretty cool! And the most thing! hospitality was very nice,5.0
"Imperfecto, Restro Lounge",The food in Imperfecto Restro Lounge is great 👍They are very helpful N Cooperating Kitchen team service team including all staff Thank you everyone  N Specially thanks  to Mr Manip Chef....Guys you should visit it...,5.0
"Imperfecto, Restro Lounge","There is nice decoration ,best  for birthday celebration and all other party's,all disces are so good.Must Try American cripsy corn .",4.0
"Imperfecto, Restro Lounge",Food amd atmosphere is great..Great experience with priyanka roy and her service is very good and polite.. We will again visit here,5.0
"Imperfecto, Restro Lounge","Great staff , great food , lovely vibe",5.0
"Imperfecto, Restro Lounge","The place is fantastic with great food and service especially ""Sachin"", he is just fantastic and very friendly, always ready to give the best of himself and treat every customer special.",5.0
"Imperfecto, Restro Lounge",Great service and had a good experience.. liked it. And also the staff named Priyanka was good and welcoming. Food was also great.,5.0
"Imperfecto, Restro Lounge",The staff behavior was very good! I liked the food too. It is quite expensive though but worth it.,5.0
"Imperfecto, Restro Lounge",Nice little place & cozy. Food is good. Hospitable. Nice ambience for chilling out with family or friends.,5.0
"Imperfecto, Restro Lounge",The atmosphere was great. The waitress Priyanka was very sweet and professional. Thank you for the food. Cheers!,5.0
"Imperfecto, Restro Lounge","The restaurant,food,service and everything was so perfect & good ❤️ would love to visit again😁",5.0
"Imperfecto, Restro Lounge",Had an amazing experience with everything. Especially Service given by Priyanka Roy made us comfortable and welcoming .,5.0
"Imperfecto, Restro Lounge","The vibe in this place is fantastic. The food prices are reasonable, and the service is amazing.. special mention to “Sachin da” for amazing service…",5.0
"Imperfecto, Restro Lounge",Priyanka Roy and Sachin chettri gives a very good  service nd give a very good hospitality and very good restaurant too plez do visit I really love their services ❤️,3.0
"Imperfecto, Restro Lounge","Priyanka (Waiter) is respectful,kind and good person 🙂
Also love the resturant",5.0
"Imperfecto, Restro Lounge","The food quality and taste of the food is very very poor. They didn't even know the basic tastes of Punjabi sabji.

The Punjabi sabji was very cold and the taste of the sabji was very bad. Even the Punjabi pakoda was tasteless.

I will not recommend anyone to waste their money at Imperfecto, restro lounge.",1.0
"Imperfecto, Restro Lounge","The food was delicious and healthy. The presentation as awesome and the service is excellent.
thank you 😊",5.0
"Imperfecto, Restro Lounge",Loved this place... Yummy cuisine and beautiful ambiance,4.0
"Imperfecto, Restro Lounge",Food was very delicious and very good service by Priyanka roy. She was very sweet and friendly.,5.0
"Imperfecto, Restro Lounge",I love the ambience and service is also so nice. Pleasant place to have meal,5.0
"Imperfecto, Restro Lounge","The ambience and service is unexpectedly awesome!
You can enjoy the club with friends or visit with family!
Very friendly people and great for party and enjoyment purpose....
It's highly recommended to go once...
Overall best in Majhitar!",4.0
"Imperfecto, Restro Lounge",Specially sachin brother too friendly n perfect in everything 🫠🫠 nd just obsessed with the food’s nd drinks,5.0
"Imperfecto, Restro Lounge","Excellent service 💞 awesome and tasty 😋 food and atmosphere best 😍

Sachin  service boy excellent job 😉",5.0
"Imperfecto, Restro Lounge",Nice restaurant with good service,5.0
"Imperfecto, Restro Lounge","I visited with my friends to give my birthday treat to them. But I am really disappointed with food and service.. the person who has taken order, he do have any food knowledge . I ask for wine as per standers for all restaurant's all over the world. It's served 150ml.. but imperfecto restro lounge served 100ml..  we have order matar paneer for maincouse , paneer was stinking and matar paneer taste sweet .. same we informed to restro incharge.  He offer us to prepare fresh one but we refused, because it will take time.. we had with dal. Really disappointed.",1.0
"Imperfecto, Restro Lounge","Out of my words❤️ It was just more than amazing. Those decorations and then the services were applaudable. Mainly what I noticed was the menu price list is affordable literally. This is for the very first time i went through the low menu price..
Thank you Imperfecto❤️❤️❤️",5.0
"Imperfecto, Restro Lounge","Food quality are very poor now, I don't know why, earlier the food was so tasty and yummy but now they have degrade thier food quality.Recently I ordered sahi panner and it taste like hell, very much disappointed.",1.0
"Imperfecto, Restro Lounge",Imperfecto is a place for all kind of people whether it’s family friends anyone … taking about the food your taste buds are never gonna regret it it’s really yummy and the service is just first class the brothers out there are down to earth friendly ready to take your photos videos always smiling and ambience is just woow now they have added a dance area too and every time you go something new you are going to see …. So I must say once you visit As after that your legs will automatically move towards imperfecto ❤️❤️❤️❤️❤️❤️❤️,5.0
"Imperfecto, Restro Lounge","The staff behavior wasn’t good, the current was not there & the staff were telling was that they can’t clean the table for us if we shift frequently from one place to another. Very rude behavior.",1.0
"Imperfecto, Restro Lounge",Food was good and so was the service. However the design was an average replica of a pub in Hauz Khas or Planet Mall(which isn't a bad thing). A renovation could be done after consulting an architect.,4.0
"Imperfecto, Restro Lounge",Nice Restaurant👌Location is so beautiful 👌 service is excellent 👍 Food omg so yummy and delicious 😋 staff is so helpful especially Mr.Rajeev. i want to visited once more time ☺️☺️,5.0
Relax Point Restaurant cum Bar,"Very good food 😋
Stobers heaven",5.0
Relax Point Restaurant cum Bar,"Sushant, he is a restaurant owner.. I think best food ever I get in sikkim in this restaurant.. Plz visit one time",5.0
Relax Point Restaurant cum Bar,Amazing place to visit. Tasty food and the owner is very nice in nature.,5.0
Relax Point Restaurant cum Bar,Immaculate !!! Simply the best!,5.0
Grill and Chill Majhitar,One of the best place I visited till date in majitar .wonderful ambience and service .Food was so Good .surely will visit again .All the best for your new venture .,5.0
Grill and Chill Majhitar,"Good food and good ambience for a new restaurant
Staffs were really good..
Best wishes🌻",5.0
Grill and Chill Majhitar,Best food in town we really enjoyed a lot with their quality in taste and service.,5.0
Grill and Chill Majhitar,Best restaurants in an around majhitar. Food was good and ambience was excellent,5.0
Grill and Chill Majhitar,Must visit.. tasty food..good and Frank staff..,5.0
Grill and Chill Majhitar,It was relly good place to Hangout with friends and family.,5.0
Rasoi Republic,"Rasoi Republic Khani Khola, Rangpo Sikkim is a promising new restaurant that brings a fresh and welcoming vibe to the area. The place feels neat and well arranged, and the staff make a sincere effort to greet and serve guests properly.
The food is the real highlight. The dishes taste rich, freshly prepared, and nicely balanced, with that comforting homely feel people expect from a good Indian restaurant. Portions are satisfying, and the flavors come through without being too oily or overly spicy.
For a newly opened restaurant, the service is already impressive. The team seems attentive and polite, and the overall dining experience feels warm rather than rushed. That makes it a good spot for family meals, casual outings, or a relaxed dinner with friends.
Rating: 4.5/5",5.0
Tashi Shaa-Khang Chinese restaurant,Ambience is very good .,5.0
Tashi Shaa-Khang Chinese restaurant,Amazing food .We loved Chiken momos and thukpa,5.0
Tashi Shaa-Khang Chinese restaurant,Nice testy food.,4.0
Tashi Shaa-Khang Chinese restaurant,The food was delicious.,5.0
Tashi Shaa-Khang Chinese restaurant,Just wonderful 👍,5.0
River View Resort and Restaurant,"It was great experience, staff was really nice and friendly, the view was great especially the river part and mountains also the resort is pet friendly which is great thing for pet parents
Really great experience
Must visit ✨",5.0
River View Resort and Restaurant,"It's was great being there,food was good place was cozy, scenery was amazing had great time.
Must visit!!! you can spend great time with family and friends",5.0
River View Resort and Restaurant,"Was a great experience, the service the food , the place everything was perfectly great, espicallyyyy the chicken biryaniii! Just wow👍🏻❤️",5.0
River View Resort and Restaurant,So good,5.0
River View Resort and Restaurant,Good atmosphere,5.0
Brunch cafe,"Overall a great place to be at, cold coffee was really good, the lemon tea was really good as well with a good price and the owners are friendly",5.0
Brunch cafe,First of all it's not a cafe. You get nothing with coffee on it and no proper snacks . It's more like those half fastfood and half sweet shop. Whn I went there they said that they are out of coffee all they had was packed goods and cold drinks. Lol how is it even possible?,2.0
Brunch cafe,"The food was really good and cheap. I loved it.
One should definitely stop here.",4.0
Brunch cafe,"Great experience we had, great food ..... Lovely service ❤️🎈",5.0
Brunch cafe,It really is a good place to hangout with friends.... Food is good at decent price and food quality is really good .,4.0
Brunch cafe,You can go there and have good food,4.0
Brunch cafe,"Good food , owner is friendly 👌✌️",5.0
Brunch cafe,"Good place for Brunch, lunch and dinner",5.0
Brunch cafe,🌞🌞🌞,4.0
Coffee Break,Coffee Break is a great spot for a quick bite with plenty of options. I especially love their panini and the sizzling brownie with ice cream. The ambience is also excellent and adds to the experience. Highly recommend visiting for brunch and trying their desserts.,5.0
Coffee Break,Good atmosphere with good food but the price is little bit more,5.0
Coffee Break,"The food is really very tasty and the cakes are the best.... The ambience is very comforting and gives a nice vibe... Though I would suggest that they should increase the variety of food items in their menu... All in all its the best place for dates, birthday party or even casual hangout...",5.0
Coffee Break,The best in Majithar. Very popular within SMIT folks. The pastries are baked fresh everyday. It was really good. Didn't expect this quality in Sikkim. Great ambience and service. Go for it.,5.0
Coffee Break,"Good taste ,good quality ,price is also ok acording to Sikkim . pastries and muffins are good also , I didn't like the pizza here(thin crust) otherwise rest of the things are on point not soo great but good .you can spend the evening here with friends and family , atmosphere is good ,staffs behaviour is good.",4.0
Coffee Break,Everyone should visit this place once.... The food were absolutely amazing and the taste were just wowww....Great food with great hospitality.... And the service were amazing as well....,5.0
Coffee Break,"A birthday cake in butterscotch
Rainbow cake with white cream
Superb cake
An unexpected touch of tiny butterflies made it more special.

Soft and really delicious sponge as well as cream.
Thank you Coffeebreak! We really enjoyed it and it definitely made the day very exceptional! Looking forward to the next one!",5.0
Coffee Break,Food items are more tasty 🤤... especially please try garlic bread n Biscoff pastry.....you gonna love it...👍❤️🙂...,5.0
Coffee Break,"Great outlet for evening snacks......for a small outing wid frnds..for variety tadte if coffes,latte,cappuccino n lot more.
Must visit.",5.0
Coffee Break,"The day was success and your contribution made it very special with wonderful and delicious cake.
Big thank you for the wonderful cake. The cake was decorated perfectly. It was soft and the sponge was so moist and delicious. I love your service. Best service ever.
Thank you coffee break team😊",5.0
Coffee Break,Good place to hangout with small group. Friendly and service oriented. They serve tasty pastries which made me feel relaxed after a hectic  day😊😊,4.0
Coffee Break,Best place in majithar.. Amazing food and very reasonable priced. The new wooden tables installed are very nice.. The person running the returent is also very polite and gentle.. Amazing place...,5.0
Coffee Break,"A small but a lovely corner to be in. Definitely a gem in this side of the road. Great asthetics, fantastic service.

Maybe don't get three sweet items at a single go. lol. But worth it ! my 9 Yr old self'd be proud.",5.0
Coffee Break,"Great for evening snacks, only veg, good ambience, very clean. Tasty food.",5.0
Coffee Break,"Awesome experience,  amazing service... celebrated birthday....it was well organized... good music...❤❤🤩",5.0
Coffee Break,"The red cheese  baked pasta is amazing.
Pizzas are good, pan cakes are delicious",5.0
Coffee Break,Best in class as well as best in price too. The Ambience and the quality of the beverages are too Good. 😀,5.0
Coffee Break,It was a great experience and the food quality is awesome👍.,5.0
Coffee Break,"Food is good, specially the pizza is great 😋.
I would recommend you guys to go there and take a break from your work and enjoy the food. It's really delicious.",5.0
Coffee Break,"One of the best coffee shop in Sikkim
🍰 Awesome service was always great",5.0
Coffee Break,Nice place nice food Enjoyed service awesome,5.0
Coffee Break,Good for briverage... Like shakes and coffee.... varities of Cuisines....,4.0
Coffee Break,Cake was so delicious n the staff was very polite n they completed the order within the given time,4.0
Coffee Break,"A chill place for Italian and Mexican food. A well maintained restaurant in terms of food quality, taste, ambience.",5.0
Coffee Break,Most beautiful  cozy adda zone with quality  environment  n food.Meeting friends over a cup of coffee is an add on factor of this place.I 😉love coffee break,5.0
Coffee Break,"The cakes was so fantastic amazing
Thank u coffee break n all the team",5.0
Coffee Break,It's a good nd budget friendly place for hang out,5.0
Coffee Break,"Had a wonderful meal its really a very good place for hangout. The taste of  meals and cake is great and the quantity really fulfills  the tummy.
Expert in making designer cake.
The best in town and a must visit place for all tourists and enjoy the coffee and snack that beats big brands.",5.0
Coffee Break,Great coffee shop... Very nice location,4.0
Coffee Break,I recently had the pleasure of trying different varieties of garlic bread and sandwiches. From classic garlic butter spread to cheesy garlic knots each bite was a burst of flavor. The sandwiches ranged from delicious chicken pesto to mouthwatering Italian sub. It was a satisfying and unforgettable culinary experience.,4.0
Coffee Break,One of the best coffee shop in Sikkim,5.0
Coffee Break,"I ordered cake for my niece.
They make  same as picture that i provided.
Taste was very delicious.",5.0
Coffee Break,One of the best cake shop in sikkim,5.0
Coffee Break,"We've been here numerous times and they dont fail our expectations ever. Whether u r a vegetarian or not, u will definitely like the food here. My all time favourite has always been Watermelon slush which is a must try. Staff is too good and courteous. And they home deliver the food if u want,that too on time. All the best coffee break. Visit u soon.",5.0
Coffee Break,"Ordered customized cakes over the phone twice, and the experience have been great so far. Good service and delicious cakes ☺️",5.0
Coffee Break,It's a regular weekend joint for is to have some great coffee and icecream.,5.0
Coffee Break,"It's a great place. The items available here might appear to be over priced, but trust me you won't be disappointed to see the quality and the quantity of the item that you've ordered. They accept PayPal, Paytm, Google pay and card payments too. The J.C.C Burger that you get here might be the best burger you'd get in Sikkim. 3 years and I couldn't find anyone better. This place is quiet and has a nice ambiance.",5.0
Coffee Break,Umm. The place is quite small but the food is really good. They are pure veg which means I can hangout with my veg friends. The only flaw is that their seats are really low which is quite uncomfortable for a tall person like me.,4.0
Coffee Break,"Best stop in Majhitar for great coffee and shakes. Amazing waffles, pancakes, burgers, fries, everything is delicious. Fast service. Cozy place.",5.0
Coffee Break,Had a great time been here..awesome enviournment..😍🤙,5.0
Coffee Break,Good place for hangout with friends,5.0
Coffee Break,One of the best bakery in rangpo,4.0
Coffee Break,"The owner is very grumpy and and fights with you over water and syrup, but the food is nice and so are the servers.",3.0
Coffee Break,Nice place one of the best cake shop in Sikkim,5.0
Coffee Break,One with the Italian Cuisine. 😍 But thanks to the owner and his honorable ethics. It's Only Veg! Well that shouldn't stop you from having delicious dishes!,5.0
Coffee Break,All items r delicious @ services are too fast,5.0
Coffee Break,"One of the best places in Majhitar, Sikkim. An Italian restaurant which offers one of the best pastas that you will ever have. Also it specializes in baking and gives you a lot of options to choose from.",5.0
Coffee Break,One of the best place to hangout out with friends in Majitar. Food tastes really good. Pizza and Pasta is a must have option.,5.0
FOOD4U,Very nice service and the quality of the food grade is also very good  & delicious . need  bit  improvement on service provided by your side .,4.0
FOOD4U,"They provide good quality food with reasonable price, overall 👍",5.0
FOOD4U,Food was ok but people r kind so it's fine !!!!!!,3.0
FOOD4U,I am proud of Divya Jyoti 🏫,5.0
FOOD4U,Good,5.0
FOOD4U,Amazing,5.0
FOOD4U,Awsm ✨,5.0
Down town Restro & Bar,"A must visit place with Amazing food and  incredible hospitality.Coolest joint for all the youngsters,families and groups with a facility of open outdoor dine and private cabins situated in a very beautiful lush green location with a huge parking.",5.0
Down town Restro & Bar,Good place to hang out with friends. Food was okay.,4.0
Down town Restro & Bar,Good food good service and good packaging 😊😊😊✌️,5.0
Down town Restro & Bar,Good food and Good place for hangout,5.0
Down town Restro & Bar,"Good location , good place for hangout",5.0
Down town Restro & Bar,Food is very delicious...,3.0
Down town Restro & Bar,This place sucks,1.0
Down town Restro & Bar,Excellent Cuisine.,5.0
"SK01 , FOOD•TOUR•CULTURE",Loved the ambience and the food❤️❤️,5.0
"SK01 , FOOD•TOUR•CULTURE",Great atmosphere. Amazing food. Lots of options and it’s pocket friendly! Definitely try the pav bhaji!!!,5.0
"SK01 , FOOD•TOUR•CULTURE","SK01 Restaurant exceeded my expectations in every way. The ambiance was inviting, the staff attentive, and the food was a masterpiece. Fresh ingredients and balanced flavors made every dish a delight. Quick service and creative desserts added to the amazing experience. Highly recommend for any occasion. Can't wait to return!",5.0
"SK01 , FOOD•TOUR•CULTURE",If you want to taste authentic Tibetan and Nepali cuisine go for it! It’s too good,5.0
"SK01 , FOOD•TOUR•CULTURE",Very good food with great staff and also the ambience is also very good the laphing was amazing for me.,5.0
"SK01 , FOOD•TOUR•CULTURE","I was craving for a good cup of tea!
The solution I got is SK01.
PLUS THE AMAZING FOOD!",5.0
"SK01 , FOOD•TOUR•CULTURE",Yummy food n reasonable price also like the service.,5.0
"SK01 , FOOD•TOUR•CULTURE",Laphing and jhol momo they serve is bestest 👌,5.0
"SK01 , FOOD•TOUR•CULTURE",Food was delicious,4.0
"SK01 , FOOD•TOUR•CULTURE",Really love the food over here,5.0
"SK01 , FOOD•TOUR•CULTURE",Awesome,5.0
BITE & BREW,"Family friendly restaurant and bar
Well maintain service are good",3.0
BITE & BREW,"Prices are too high according to the quantity, and service is too late. Waiter not attentive at all, had to wait alot even for water. My friend ordered veg noodles got served chicken noodles and they were pure vegetarians.. bad experience.. could look after it . And improve.",2.0
BITE & BREW,Great food and service was really good.,5.0
BITE & BREW,"The place has a nice mix of cafe, restaurant, and bar vibes, so it works whether you’re just hanging out with friends, grabbing food, or staying a bit longer in the evening time.
The atmosphere is relaxed and comfortable, and the karaoke setup adds a fun element. Food was good, and the overall experience felt worth it—nothing overhyped, just a solid place to unwind.
Service was smooth and very cordial, and the location is convenient too, especially being close to the main road area. It is one of the go to hangout spots in Majhitar.
Definitely worth visiting.",5.0
Bliss N Taste,"Weekend or weekdays, Beer united is for everyday and night party.",5.0
Bliss N Taste,Not So Good.....I felt bored,1.0
Palate tender bar and restaurant,"It was a huge surprise for me to taste the food I have dream about🌈
... Yumm 😋😋yum😋...
Just keep your taste same till last
And loved to visit again an again 🙏
FnB team you were owsm and your service too 👍",5.0
Palate tender bar and restaurant,The best u could ever find. Guys do visit this restaurant ❤️✌🏻🧿,5.0
Palate tender bar and restaurant,Best place to hangout with friends.The food was awesome and the staff was very polite.,5.0
Palate tender bar and restaurant,"Soooooooo good food loved it
Dooo visit",5.0
Palate tender bar and restaurant,"Must visit once 🔂
Really enjoyed being here🌷",5.0
Palate tender bar and restaurant,Very nice food and a cozy ambience.... the hospitality is superb,5.0
Palate tender bar and restaurant,"Very good service
Appreciated with foods
Must visit",5.0
Palate tender bar and restaurant,Great experience and great service. Nice atmosphere helps,5.0
Lounge 88 Rooftop,"Staff polite and comfirming,menu deserves a 5/5,its just a barefoot walkable distance from the west bengal/sikkim checkpost.Service is amazing,just the always closed windows relying on ACs can be left open sometimes to give the vibe of sikkim",4.0
Lounge 88 Rooftop,"Highly recommended for evening booze. What an ambience, live singing, great food with always smiling service. Have to go place when u are at Majitar.",5.0
Lounge 88 Rooftop,The hotel staff displayed an extremely rude and unhelpful attitude . Their behavior was unprofessional and unacceptable for a service. The management should take immediate action to improve staff training and ensure guests are treated with respect.,1.0
Lounge 88 Rooftop,"Honestly, good environment & lively music with a good vibe ,its nearly 11:30 pm and i just came out of there, (something went wrong with the order (proven), of which i can Totally understand - all Thanks to the the management they waived off the charges ...... thankyou soo much seeing you guys were soo consumer friendly... Would surely visit next time....",4.0
Lounge 88 Rooftop,Good food and nice ambience...... bit expensive though,4.0
Lounge 88 Rooftop,"The food and the general ambience of this place is amazing and the location is very accessible. Its right on NH10 so you can spot it easily when you are travelling. The food is excellent and bar serves variety of alcoholic drinks as well as beverages.
The little issue is with the behavior of staff who were a little rude.",4.0
Lounge 88 Rooftop,They changed the staff. And new staffs are really polite and punctual. They serve really quick.Good ambience. But the french fries were little oily. Just had beer and french fries so writing in short.,4.0
Lounge 88 Rooftop,"Food quality is not good , the service boy is rude and not mood of grow business, the area is like drunk",1.0
Lounge 88 Rooftop,A nice cozy place. Food is good. Nice ambience. Good place to hangout with friends.,5.0
Lounge 88 Rooftop,"There service peoples are not good they are arguing and not provided good food , and arguing more they are like Gunda , please don't go there , go to native",1.0
Lounge 88 Rooftop,"Food was delicious, nice and cozy place👌",4.0
Lounge 88 Rooftop,Good place to hangout in both Majhitar and  Rangpo. Awesome after hour  place with good food.,5.0
Lounge 88 Rooftop,"Visited this awesome place in Majitar and it's an absolute winner! The vibes are on point - cool yet cozy. A perfect spot for a chill night out.
Even the bar owners got in on the karaoke action! I would love to visit this place again on my next trip to sikkim",5.0
Lounge 88 Rooftop,"Had a very bad experience, We were charged for more drinks than we drank. When we told about it, the lady owner was rude. I suggest everyone to check your bills properly before you leave the place. I don’t recommend this place, the service was slow and the staffs are inexperience.",1.0
Lounge 88 Rooftop,"Nice set up. Place was cool, but have left some room for improvement.
Service was quick unlike other restaurants.
Smart and polite guys for their hospitality.
Parking was a big problem.
Yes, park it anywhere on the main Highway. That's what everyone does so why be an exception.",3.0
Lounge 88 Rooftop,"Place is good, Ambience is also very good.
Food Quality and Rate is good.
Service is also good.
I like the concept of sitting on the floor which  give homely feel.
I thing in which I will deduct some marks is on washrooms. They are not as good as restaurant.",4.0
Lounge 88 Rooftop,Bar and Restaurant with other facility as well. Loved visiting here,5.0
Lounge 88 Rooftop,"Alright so we went to this place on 8th of December and we are a lot of fun I would  also recommend this place for karaoke Nights,birthday parties,etc the food was absolutely tasty no doubt the crispy chicken, the Mushroom Manchurian and the cheese pakora were both too good to exist on earth it felt like I was eating a dish that were specially brought down from the heavens for us to eat I would recommend this place for vegetarians and non vegetarians and there was also a inbuilt bar in it... oops I forgot to mention one thing the free Wi-Fi oh my God the Wi-Fi was fast and the connections for lots mother even though nearly 30 peoples mobiles are connected hi could receive up to 35 MS latency on COD mobile",5.0
Lounge 88 Rooftop,Ambience is good. Though couldn’t fine cheese in cheese pakora. Prices of items added to the bill that wasn’t even ordered.,2.0
Lounge 88 Rooftop,"All food tastes same. In sizzler they had put boiled chilly chicken. With drinks they gives peanuts and then they say ""its complimentary"". Later they charges in the bill. Horrible !! Its another restaurant who is just snatching money of others.  Recommend to avoid this joint. All bogus.",1.0
Lounge 88 Rooftop,One of the best place to hangout with friends and family. Food is awesome throught the highway till Ranipool. Staff and service is first class. Only issue is water supply wherein frequent issue of water shortage is felt in the washrooms.,5.0
Lounge 88 Rooftop,"First time experience in this restaurant has soo hospitable, and the food over there is just out of the world. Would like to dine in here again and again!! Worth every penny:)❤️‍🩹👋😊📎",4.0
Lounge 88 Rooftop,"This place serves Cheese balls. Believe me, you will be mesmerized after having those cheese balls. Those were so soft and well prepared that you can able to test every inch of those cheese balls. If you are traveling to Gangtok, its my suggestion, take out some time and have those amezing cheese balls. You will be thankful to me after having those.",5.0
Lounge 88 Rooftop,"It's one of the best stopover for refreshment  once you cross the border town of Rangpo while heading towards Gangtok. You may get to meet a friendly host, the service is prompt and the food is delicious.",5.0
Lounge 88 Rooftop,The food is very yummy and the service is great... It's a little overpriced but apart from that everything is great about the place.... Be it the food or the ambience.... Even the staffs are very friendly and it gives you a homely feeling,5.0
Lounge 88 Rooftop,Best lounge  in majhitar sikkim,5.0
Lounge 88 Rooftop,One of the best restaurant around Rango region of Sikkim..Price of dishes are acceptable and the dishes are simply delicious and awesome.. Give a visit if anyone visits Sikkim you will get to know the rest of the things...Serving is also great...The staffs are interactive ..,5.0
Lounge 88 Rooftop,Great food! Great ambience... But only if there would not have been such water problems for washroom. Would make it more hygienic.,4.0
Lounge 88 Rooftop,Cool place to hangout if you are in Majitar. Service is good. Music played here is quite lively. Overall it is a cool place to hangout.,4.0
Lounge 88 Rooftop,Had a very warm experience,5.0
Lounge 88 Rooftop,Good food. The noodles in this place are off the hook. And the ambience and aura of the place feels at home. Its warm and cozy and perfect for a winter snuggle,4.0
Lounge 88 Rooftop,"One of the best restaurants of Majitar area.

Nice food

But the waiters are not upto mark.

The management need to change the waiters.",4.0
Lounge 88 Rooftop,"Its a cozy place with beautiful interio with ambience. Liked it.
The food was good, Karaoke 🎤 available with loud music 🔊
Cool Place...  Bar..  and yes Smoking allowed 🚬 👌",4.0
Lounge 88 Rooftop,"They gave us complimentary food but later added the amount to bill. Do not recommend, food was not even that good.",1.0
Lounge 88 Rooftop,Very great place. Owners are good and warm welcoming. Waiters are polite and addressable. Keep it up! 😎,5.0
Lounge 88 Rooftop,"Good service.More good is the food.The more fantastic is the live music out there
Good place to enjoy with friends, family and your loved ones...",5.0
Lounge 88 Rooftop,"the food , service, and ambience is so good to be with.
specially the owner is so good.
I suggest everyone to visit the owner and talk about food and beverages",5.0
Lounge 88 Rooftop,Delivery is late. Food is way too expensive. Place is too cramped. They charge higher bills if they notice the customer is drunk.,1.0
Lounge 88 Rooftop,"Very friendly staff and nice ambient
Good food and drink at affordable rates
Hookah is also available here",5.0
Lounge 88 Rooftop,Nice ambience with good service from the staff. Owner of the place really takes care of their customers.,4.0
Lounge 88 Rooftop,Smokey chicken test yummy,4.0
Lounge 88 Rooftop,Food is good and staffs are well mannered and yammy taste....,4.0
Lounge 88 Rooftop,This lounge is near sundar hotel and resort.,4.0
Lounge 88 Rooftop,It's awesome... Food.. Ambiance.. Everything.. But yes.. Please come with heavy pocket.. 😅,5.0
Lounge 88 Rooftop,The place is good. Reasonably Priced. The bartender is a very sweet guy. Overall good.,5.0
Lounge 88 Rooftop,Nice ambience good food i like this place u must visit....,4.0
Lounge 88 Rooftop,Very nice place and really cozy,5.0
Lounge 88 Rooftop,Very good place having live music options with lounge areas.,5.0
Funky Monkey Bar & Restaurant,Good food and drinks with live music.,5.0
Funky Monkey Bar & Restaurant,Good place for enjoy with friends and family,5.0
Funky Monkey Bar & Restaurant,"Satisfactory,,🤗",5.0
Priya Hotel,Good food at nominal price. Better than  SMIT Canteen. Find the menu latest as of Dec 2017.,4.0
Priya Hotel,"It's is the best place in Majitar. And for the students of Sikkim Manipal Institute of Technology, it's near to the main gate. Even the food is very much delicious. Hospitality of Priya Hotel is also Good.. Even the quality and Quantity is also superb. I would suggest this hotel to have food here anytime if someone visit Sikkim. Thank You..😊😊",5.0
Priya Hotel,"A simple, honest hotel that gives you , warm food, and respectful service — all at an affordable rate. If you’re in Majhitar or passing through Rangpo, Priya Hotel is a safe and satisfying choice.",4.0
Priya Hotel,"Awesome food ✌️👌 , kolpo thali is best",5.0
Priya Hotel,"One of the best hotel in majitar, East Sikkim",5.0
Priya Hotel,Food quality and quantity is good. Service is also good. Maintain hygiene. Behaviour is also good,5.0
Priya Hotel,Really good to have a bit here. Have many varieties of food here. Also serves parathas abd chai. There serve meals as well.,4.0
Priya Hotel,"It's an eatery for college students, you'll get food for cheap that'll help you keep hunger at bay",4.0
Priya Hotel,"If u miss the taste of your home ,this is the place ....they serve the best thalis(veg and non veg) in an affordable price......",5.0
Priya Hotel,Nice hotel to eat for lunch or tiffin. Effortable and food is good,3.0
Priya Hotel,Very good behaviour. Feel like home. Kalpo thali best in Sikkim,4.0
Priya Hotel,Excellent place to have both breakfast lunch and dinner.,5.0
Priya Hotel,Best hotel in reasonable price.....specially the thali....,5.0
Priya Hotel,Only place selling proper lunch near smit at a cheap price,4.0
Priya Hotel,Good quality food served here,4.0
Priya Hotel,good food good service good customer care,4.0
Priya Hotel,Better place to have your lunch and dinner,4.0
Priya Hotel,Good bengali food,5.0
Priya Hotel,Good food and hospitality,5.0
Priya Hotel,Nice food,5.0
Priya Hotel,Nyc,5.0
Priya Hotel,Nice,4.0
Priya Hotel,average,3.0
Priya Hotel,Just ordinary,3.0
Priya Hotel,Good service,5.0
Priya Hotel,Excellent💯,5.0
