restaurant_name,review_text,rating,processed_text
Flavour Of Spice,All good food was soo delicious and staff also very polite,5.0,good food soo delicious staff also polite
Flavour Of Spice,My personal recommendation. This is the best best best quality and tasty restaurant in Sikkim. Please visit and take tasty food.,5.0,personal recommendation best best best quality tasty restaurant sikkim please visit take tasty food
Flavour Of Spice,"Great place to eat, sweets are good but food is awesome. Try the moglai paratha & chilli chicken with butter tawa roti is fabulous.",5.0,great place eat sweet good food awesome try moglai paratha chilli chicken butter tawa roti fabulous
Flavour Of Spice,"Wonderful experience!!!  At last got a pure Bengali Restaurant in (Majitar)Sikkim after so many decades. Foods are delicious 😋. Now,  I am not far from my home due to  Flavor Of Spice .",5.0,wonderful experience last got pure bengali restaurant majitarsikkim many decade food delicious 😋 far home due flavor spice
Flavour Of Spice,Very good service and food also .,5.0,good service food also
Flavour Of Spice,delicious food at a price you never imagined.must try .,5.0,delicious food price never imaginedmust try
Flavour Of Spice,Good food available 🙂,5.0,good food available 🙂
Flavour Of Spice,Very good food,5.0,good food
Flavour Of Spice,Very good restaurant in Sikkim,5.0,good restaurant sikkim
Flavour Of Spice,Best food 😄,5.0,best food 😄
Flavour Of Spice,Very delicious items.,5.0,delicious item
Flavour Of Spice,Hiegenic and best food,5.0,hiegenic best food
Flavour Of Spice,Spice andTesty food,5.0,spice andtesty food
Flavour Of Spice,The boy in the main counter is very rude and doesn't know how to deal with customer,1.0,boy main counter rude doesnt know deal customer
Flavour Of Spice,Khub valo khabar,5.0,khub valo khabar
Punjabi Kitchen,"Great experience the staff are very nice foor is great in quality and quantity the washroom is very clean the environment is very great for family and friends

Great place",5.0,great experience staff nice foor great quality quantity washroom clean environment great family friend great place
Punjabi Kitchen,"Even the whole place was empty still staff denied  seats on bigger table, totally ruined the whole mood. Zero professionalism, zero customer service, lack of empathy and respect towards customers. If there was option for minus rating i would have given that. Never visiting again. Zero recommendation to anyone if they can't even smile at customer no reason to be in service industry. Addding on to this no proper hygiene maintained.",1.0,even whole place empty still staff denied seat bigger table totally ruined whole mood zero professionalism zero customer service lack empathy respect towards customer option minus rating would given never visiting zero recommendation anyone cant even smile customer reason service industry addding proper hygiene maintained
Punjabi Kitchen,"Avoid this place at all costs! The management is a disaster and the service is a joke. Our order was wrong, the wait times were ridiculous, and the staff was incredibly disrespectful when we pointed out the mistakes. A restaurant is more than just food—it's about hospitality, and this place has zero. Gatiya service, gatiya attitude. Never coming back",1.0,avoid place cost management disaster service joke order wrong wait time ridiculous staff incredibly disrespectful pointed mistake restaurant food — hospitality place zero gatiya service gatiya attitude never coming back
Punjabi Kitchen,"Tried Indian cuisine and it was totally worth it. The outlet has a seating arrangement of approx 30.
.
.
.
Personally would prefer Chicken Tikka Masala(₹280) along with Butter Naan.
.
.
.
The menu is customisable also, as we had mentioned the spiciness and it was prepared accordingly.
.
.
.
Found a bit pricy accordingly with the quantity
.
.
.
#Recommended",4.0,tried indian cuisine totally worth outlet seating arrangement approx 30 personally would prefer chicken tikka masala₹280 along butter naan menu customisable also mentioned spiciness prepared accordingly found bit pricy accordingly quantity recommended
Punjabi Kitchen,"A great place to stop if you are going to or returning from Gangtok. We ordered two plate of chicken bharta, wanted to order three but the owner suggested to order two first and then one more if needed. Along with it we had tandoori roti which were softband crispy and totally made of atta. Plus two tall glasses of lassi which we shared among three of us. Pricewise moderate, quality and quantity fantastic.",5.0,great place stop going returning gangtok ordered two plate chicken bharta wanted order three owner suggested order two first one needed along tandoori roti softband crispy totally made atta plus two tall glass lassi shared among three u pricewise moderate quality quantity fantastic
Punjabi Kitchen,Punjabi style food is of great quality but chinese and other items are not worth it...and I am a regular customer over here...waiting time is too long...all your patience will be lost.,3.0,punjabi style food great quality chinese item worth itand regular customer herewaiting time longall patience lost
Punjabi Kitchen,Food quantity and quality is good as compared to price. Restaurant vibes are also good. Their butter nun and chicken methimalai and lassi are a must try.,5.0,food quantity quality good compared price restaurant vibe also good butter nun chicken methimalai lassi must try
Punjabi Kitchen,Very bad customer service. Resturant is not busy at all and we've been waiting for more than 1.5 hours for the food. Horrible experience!,1.0,bad customer service resturant busy weve waiting 15 hour food horrible experience
Punjabi Kitchen,Food was good in taste...but we had to wait about 25 minutes for our order.please keep it in mind and tell your customer for delays,2.0,food good tastebut wait 25 minute orderplease keep mind tell customer delay
Punjabi Kitchen,"We got struck in a jam and started exploring good restaurants nearby, we went by Google review and chose this place. It's a family run place serving delicious food and tea.
We ordered.
Chicken Biryani 7/10
Tandoori Chicken Masala 9/10
Tawa Roti 9/10
Milk Tea 10/10

Washroom was very clean.",5.0,got struck jam started exploring good restaurant nearby went google review chose place family run place serving delicious food tea ordered chicken biryani 710 tandoori chicken masala 910 tawa roti 910 milk tea 1010 washroom clean
Punjabi Kitchen,Amazing place. Very clean ambience. Service is great. Our most common hangout place.,5.0,amazing place clean ambience service great common hangout place
Punjabi Kitchen,"One of the best places where I’ve had better chicken and butter naan 🔥. The owner is a very humble person , Great Ambience. A must try place if you’re in Sikkim ❤️.",5.0,one best place ’ better chicken butter naan 🔥 owner humble person great ambience must try place ’ sikkim ❤️
Punjabi Kitchen,"Excellent place,  good people,  must visit.

Please enjoy chicken biryani.

Value for money",5.0,excellent place good people must visit please enjoy chicken biryani value money
Punjabi Kitchen,The female waiters are so peaky...they continously staring on customer. Even though we req. Them not to roaming around us...bt still they are doing that and giving a weird of looks.,2.0,female waiter peakythey continously staring customer even though req roaming around usbt still giving weird look
Punjabi Kitchen,Worst biriyani ever... If you try biriyani for the first time here you will never want to taste biriyani for lifetime...,1.0,worst biriyani ever try biriyani first time never want taste biriyani lifetime
Punjabi Kitchen,Amazing food. If u r finding the real north indian than this is the one. Am sure ull love it. Service is fast too.,5.0,amazing food u r finding real north indian one sure ull love service fast
Punjabi Kitchen,"unfortunately there's no option to revert on your not so nice reply on my first review. so, i had to make all this effort to write it down again. Now i totally get it may be it's just the way  you treat and speak to your customers (based on your reply) . If your tables were ""booked"" may be ur staff could have just told us POLITELY (which they did NOT) instead of being disrespectful on our faces. That's why we left without ordering. Moreover, i can see other reviews as well about your staff  being rude and unprofessional so... i guess mine is not so fake.
FEEDBACKS ARE TO LEARN AND IMPROVE .",1.0,unfortunately there option revert nice reply first review make effort write totally get may way treat speak customer based reply table booked may ur staff could told u politely instead disrespectful face thats left without ordering moreover see review well staff rude unprofessional guess mine fake feedback learn improve
Punjabi Kitchen,"Indian Food is Good Enough!!!!! Service is an area of concern….they need to hire better staff to increase the quality of service…
Avoid rush hours if possible or else it will be a long waiting!!!!",3.0,indian food good enough service area concern…they need hire better staff increase quality service… avoid rush hour possible else long waiting
Punjabi Kitchen,"Masala Butter milk is a must try item here. Probably, this is the only place in entire Sikkim state where you get such kind of Butter milk.",5.0,masala butter milk must try item probably place entire sikkim state get kind butter milk
Punjabi Kitchen,"Food was good, however, the behaviour of the billing staff was very arrogant. At least in this hospitality industry people need to be humble and generous while dealing.
Regards",2.0,food good however behaviour billing staff arrogant least hospitality industry people need humble generous dealing regard
Punjabi Kitchen,"Best place for Naan in my opinion with their Chilli Garlic Naan being my personal favourite.
You can pair it with a variety of non-veg and veg options provided.
Lassi is good too.",5.0,best place naan opinion chilli garlic naan personal favourite pair variety nonveg veg option provided lassi good
Punjabi Kitchen,"Food is great,but behaviour of staff is very arrogant and ignorant,it's better to try another restaurant,avoid this and save your money.",1.0,food greatbut behaviour staff arrogant ignorantits better try another restaurantavoid save money
Punjabi Kitchen,"Food compare with the price is not worthy. If you have ever tasted food in North Indian restaurants. Trust me you will not be satisfied, as there food tastes  so different. Service is also not good, we had to wait for more than half an hour for food. Trust me there biryani doesn’t tastes like biryani it tastes like Fried  rice",1.0,food compare price worthy ever tasted food north indian restaurant trust satisfied food taste different service also good wait half hour food trust biryani ’ taste like biryani taste like fried rice
Punjabi Kitchen,"The food is delicious, one must try biryani mutton and chicken and sweet lassi. The preparation has an authentic flavour of Punjab. The owner is very welcoming and has pleasant behaviour. If anyone is travelling to gangtok, they must visit this place.",5.0,food delicious one must try biryani mutton chicken sweet lassi preparation authentic flavour punjab owner welcoming pleasant behaviour anyone travelling gangtok must visit place
Punjabi Kitchen,Authentic punjabi food. Had chole bhature and lassi. Both were perfect punjabi.,5.0,authentic punjabi food chole bhature lassi perfect punjabi
Punjabi Kitchen,"Food is good
Specially lassi and chhole bhature.
Dal makhani is also become favourite to your tongue.
And pricing also not too high and not too low .
If you are a food lover then must try it once.",4.0,food good specially lassi chhole bhature dal makhani also become favourite tongue pricing also high low food lover must try
Punjabi Kitchen,"Love the taste of butter chicken and Nan. We tried mutton biryani even we are from hyderabad, surprisingly
it has a  unique pleasant taste.
We enjoyed it.
Try this kitchen if u r near by.",5.0,love taste butter chicken nan tried mutton biryani even hyderabad surprisingly unique pleasant taste enjoyed try kitchen u r near
Punjabi Kitchen,"Great restro for dining in❤❤❤❤
Located on NH10,a few steps ahead of indian oil petrol pump in Majhitar,East sikkim,Punjabi kitchen according to my view is a top rated affordable restaurant for a great meal with family and friends.
Variety of extremely affordable dishes available.
While on way to Gantok or a short trip to sikkim one must take a small halt to visit this place😊",5.0,great restro dining in❤❤❤❤ located nh10a step ahead indian oil petrol pump majhitareast sikkimpunjabi kitchen according view top rated affordable restaurant great meal family friend variety extremely affordable dish available way gantok short trip sikkim one must take small halt visit place😊
Punjabi Kitchen,"The food is super delicious and in the place like Sikkim you will get real Punjabi tadka. Only thing is quantity is a bit less. If you eat more sabji with a roti, for two persons single sabji is not sufficient.",5.0,food super delicious place like sikkim get real punjabi tadka thing quantity bit less eat sabji roti two person single sabji sufficient
Punjabi Kitchen,"I visited this place for the very first time, and believe me in you it was worth. And most of all this is one of the finest Indian restaurant I have come across all over Sikkim in 35yrs of living. Excellent food. Thankyou for getting a little of Punjab to Sikkim. It’s worth the price. Keep it up and thankyou. Will visit again❤️",5.0,visited place first time believe worth one finest indian restaurant come across sikkim 35yrs living excellent food thankyou getting little punjab sikkim ’ worth price keep thankyou visit again❤️
Punjabi Kitchen,Nice for North Indian food   I am very with staff or service,4.0,nice north indian food staff service
Punjabi Kitchen,"While living in Sikkim for almost 2 years. Being a Delhite, I find this place kinda my taste.
It has got sizzling Tandoori Chicken and all those other Tandoori things like Paneer Tikka ,etc. It has fulkas or rotis which are really good. It also serves gravy options which are really mouth watering. You should order Chicken Curry and Murg Masalam.
It also serves good beverages options like milk tea ( one should try)
Really good ambience. And prices are also moderate .
The staff is really nice and cooperative.
I guess one will have a really good time having a bite here.",4.0,living sikkim almost 2 year delhite find place kinda taste got sizzling tandoori chicken tandoori thing like paneer tikka etc fulkas rotis really good also serf gravy option really mouth watering order chicken curry murg masalam also serf good beverage option like milk tea one try really good ambience price also moderate staff really nice cooperative guess one really good time bite
Punjabi Kitchen,"It's a good place and the quality of the food is good, compared to other places around here.",4.0,good place quality food good compared place around
Punjabi Kitchen,food are good but waiting period is too long. if you are in hurry and want to have lunch/dine and you have only 15-20 mins than definitely this is not the place but you have time you may try this . cheese paratha was awesome..☺️,4.0,food good waiting period long hurry want lunchdine 1520 min definitely place time may try cheese paratha awesome☺️
Punjabi Kitchen,Super delicious food with great ambiance at a very affordable price. The owners are the kindest and the warmest soul who will definitely fill your tummy not only with their finger licking good food but also their love.,5.0,super delicious food great ambiance affordable price owner kindest warmest soul definitely fill tummy finger licking good food also love
Punjabi Kitchen,Quantity is less as compared to price. Rest everything is good. But it's not like the taste of punjab or typical punjabi food.,3.0,quantity less compared price rest everything good like taste punjab typical punjabi food
Punjabi Kitchen,"Worst experience I've ever had in my life..
It's was very costly in such a simple food item and though it was not good in taste also and I wouldn't recommend you people to go there..
Such a bad experience which I ever had at this restaurant.... 😡😡😡",1.0,worst experience ive ever life costly simple food item though good taste also wouldnt recommend people go bad experience ever restaurant 😡😡😡
Punjabi Kitchen,"They are just doing time pass I guess. First eating place I have seen there water wasn't available 😂
I had ordered Rajma Masala Chicken Curry Rice & Chapati.
Chicken was Okay but Rajma masala was tasteless and it was smelling. They used old boiled Rajma. 😐 worst food but for SMIT College Students this is the one place to eat.",1.0,time pas guess first eating place seen water wasnt available 😂 ordered rajma masala chicken curry rice chapati chicken okay rajma masala tasteless smelling used old boiled rajma 😐 worst food smit college student one place eat
Punjabi Kitchen,"We tried biriyani here ,it's taste good but it's not biriyani it's seems like ghee polao with little bit masala they give two pieces of chicken leg and wings from gravy chicken .in a place like majhitar it's more than enough actually but if you want exact biriyani then please don't try but for a different experience you can try it's not tastes bad.",3.0,tried biriyani taste good biriyani seems like ghee polao little bit masala give two piece chicken leg wing gravy chicken place like majhitar enough actually want exact biriyani please dont try different experience try taste bad
Punjabi Kitchen,A great place to stop if you are returning from Gangtok to Darjeeling .,5.0,great place stop returning gangtok darjeeling
Punjabi Kitchen,"Very nice menu...
Dishes are well balanced and really tasty...
Price is slightly on the higher side but worth for the quality, taste and hygiene...",4.0,nice menu dish well balanced really tasty price slightly higher side worth quality taste hygiene
Punjabi Kitchen,"Very Subtle Place. The food is decent, slightly over priced if you're going alone or going with just one person. Go in a group and have fun with friends and enjoy the food. Lassi is best. And so is the dal makhani😍",4.0,subtle place food decent slightly priced youre going alone going one person go group fun friend enjoy food lassi best dal makhani😍
Punjabi Kitchen,"Very good food, everything we tried was on point. Service is a bit slow, but all food is prepared fresh. The taste justifies the time :)",5.0,good food everything tried point service bit slow food prepared fresh taste justifies time
Punjabi Kitchen,"Thank you for serving the best foods near Rangpo.Today, I have tasted your dishes for the 1st time and am very much satisfied.🙏",5.0,thank serving best food near rangpotoday tasted dish 1st time much satisfied🙏
Punjabi Kitchen,"Food is great, but a bit expensive for the quantity they provide. Good place though, especially for SMIT students!",4.0,food great bit expensive quantity provide good place though especially smit student
Punjabi Kitchen,"Very poor service and the staff is also very rude, order takes too much time to serve, ac doesn't work most of the time , water is not clean, taste of food is not worth the price",1.0,poor service staff also rude order take much time serve ac doesnt work time water clean taste food worth price
Punjabi Kitchen,"Most convenient place to eat as it is just next to the highway, good authentic food available, the usp of this restaurant is the variety of birth Indian dishes.. overall fantastic",5.0,convenient place eat next highway good authentic food available usp restaurant variety birth indian dish overall fantastic
Punjabi Kitchen,The food is really nice.. But they take time to serve the order.. And they run out of space always.. They don't have space to accommodate many customers.,3.0,food really nice take time serve order run space always dont space accommodate many customer
"Imperfecto, Restro Lounge","Aesthetic restaurant cum bar foods look good and ofcourse taste good come and try out guys... at hotel imperfecto 🙌🏻
And also thanks to our attendent Priyanka Roy for her nice service and well behaviour 🙏🏻",5.0,aesthetic restaurant cum bar food look good ofcourse taste good come try guy hotel imperfecto 🙌🏻 also thanks attendent priyanka roy nice service well behaviour 🙏🏻
"Imperfecto, Restro Lounge","It was supeeerrrbb
The food was sooooo delicious that we licked our fingers",5.0,supeeerrrbb food sooooo delicious licked finger
"Imperfecto, Restro Lounge","The service and the food are great and the price according to the food is reasonable. The waiter who served us was also very nice  and helpful. She was friendly and greeted us with warm smiles. Overall, a great experience.",5.0,service food great price according food reasonable waiter served u also nice helpful friendly greeted u warm smile overall great experience
"Imperfecto, Restro Lounge",Awesome food and service excellent 👌 and atmosphere best 🥰🥰🥰 this items was sujeas by mr pritam and it’s was really good thank you imperfeto,5.0,awesome food service excellent 👌 atmosphere best 🥰🥰🥰 item sujeas mr pritam ’ really good thank imperfeto
"Imperfecto, Restro Lounge","The food and drinks we ordered were very tasty. Noodles, rice, and curries we had were all good and up to the expectations taste wise. I felt that the quantity of food should have been little more. They are quite less. The ambience and decorations are good enough. The restaurant is clean and hygienic. The price of the food is reasonable. Overall we had a good experience.",4.0,food drink ordered tasty noodle rice curry good expectation taste wise felt quantity food little quite less ambience decoration good enough restaurant clean hygienic price food reasonable overall good experience
"Imperfecto, Restro Lounge",Neat and clean. Very hygienic.  Frankly waiter. Good service. Tasty food,5.0,neat clean hygienic frankly waiter good service tasty food
"Imperfecto, Restro Lounge",The food and service quality was very truly exceptional nd mr pema make us very comfortable nd his service was excellent 👍,5.0,food service quality truly exceptional nd mr pema make u comfortable nd service excellent 👍
"Imperfecto, Restro Lounge",Loved the vibe and mostly mr.sarin who attend us was extremely humble and kind to us thank u and thank u the entire team excellent place,5.0,loved vibe mostly mrsarin attend u extremely humble kind u thank u thank u entire team excellent place
"Imperfecto, Restro Lounge",Nice place to eat clean Good hospitality food was super tasty and staff members are also very polite 💗,5.0,nice place eat clean good hospitality food super tasty staff member also polite 💗
"Imperfecto, Restro Lounge","Everything was so good
Food 👌
Service 💯
Priyank Roy is such a sweet person here. Her service is 10 out of 10.",5.0,everything good food 👌 service 💯 priyank roy sweet person service 10 10
"Imperfecto, Restro Lounge","Before 7th may i had a very positive feelings about this restaurant.But on 7th of may i had a lunch at here which completely changed my opinion about their food & service .

When we went for lunch ,the restaurant was quite free but the waiter 1st suggested to change the seat without any proper reason we had done that which is quite inconvenient.

Food quality was too poor ,the laccha paratha we ordered was burned and we requested to change it but again they have served the same without changing .We had ordered  prawn salt pepper but they had served us one corn dish ,but during ordering we had shown the item in the menu to the waiter .

So this is the incident which happed with me so please be careful during ordering as it can spiil your mood .",1.0,7th may positive feeling restaurantbut 7th may lunch completely changed opinion food service went lunch restaurant quite free waiter 1st suggested change seat without proper reason done quite inconvenient food quality poor laccha paratha ordered burned requested change served without changing ordered prawn salt pepper served u one corn dish ordering shown item menu waiter incident happed please careful ordering spiil mood
"Imperfecto, Restro Lounge","We had an awesome experience, good food, ambiance was great, and staff were also quite humble and friendly specially Priyanka Roy di was really kind, sweet and humble.She made us feel very comfortable there.",5.0,awesome experience good food ambiance great staff also quite humble friendly specially priyanka roy di really kind sweet humbleshe made u feel comfortable
"Imperfecto, Restro Lounge","I had a wonderful experience at this restaurant! The food was absolutely delicious — every dish was fresh, flavorful, and beautifully presented. The ambiance was cozy and inviting, making it a perfect place to relax and enjoy a meal.

A special thanks to Priyanka Roy from the staff — she was incredibly polite, attentive, and made sure we were comfortable throughout our visit. Her warm and friendly service truly added to our experience. Highly recommend this place and will definitely be coming back!",5.0,wonderful experience restaurant food absolutely delicious — every dish fresh flavorful beautifully presented ambiance cozy inviting making perfect place relax enjoy meal special thanks priyanka roy staff — incredibly polite attentive made sure comfortable throughout visit warm friendly service truly added experience highly recommend place definitely coming back
"Imperfecto, Restro Lounge",All is so good.. specially staff behaviour is excellent,5.0,good specially staff behaviour excellent
"Imperfecto, Restro Lounge","Nice ambient and good hospitality. Good for starters and chineese foods.
For main course they uses ready gravy which not gave taste and masala in butter masala.
Otherwise great place to hangout with friends and family.",5.0,nice ambient good hospitality good starter chineese food main course us ready gravy gave taste masala butter masala otherwise great place hangout friend family
"Imperfecto, Restro Lounge",I personally always love visiting imperfecto...today we kinda came last minute...but the staff here is sooo good...they offered what's best and hospitality was amazing! Food to I know is always good! But the hospitality we received today was great! Specially Priyanka she really caring and so responding..her behavior was perfect! Very professional but still vibin . She is perfect for a good place like this.,5.0,personally always love visiting imperfectotoday kinda came last minutebut staff sooo goodthey offered whats best hospitality amazing food know always good hospitality received today great specially priyanka really caring respondingher behavior perfect professional still vibin perfect good place like
"Imperfecto, Restro Lounge","It was really nice
Service was someone
Thank you Priyanka Roy for beautiful service",5.0,really nice service someone thank priyanka roy beautiful service
"Imperfecto, Restro Lounge",So I really like this place! Good music good setup! The bar is pretty cool! And the most thing! hospitality was very nice,5.0,really like place good music good setup bar pretty cool thing hospitality nice
"Imperfecto, Restro Lounge",The food in Imperfecto Restro Lounge is great 👍They are very helpful N Cooperating Kitchen team service team including all staff Thank you everyone  N Specially thanks  to Mr Manip Chef....Guys you should visit it...,5.0,food imperfecto restro lounge great 👍they helpful n cooperating kitchen team service team including staff thank everyone n specially thanks mr manip chefguys visit
"Imperfecto, Restro Lounge","There is nice decoration ,best  for birthday celebration and all other party's,all disces are so good.Must Try American cripsy corn .",4.0,nice decoration best birthday celebration partysall disces goodmust try american cripsy corn
"Imperfecto, Restro Lounge",Food amd atmosphere is great..Great experience with priyanka roy and her service is very good and polite.. We will again visit here,5.0,food amd atmosphere greatgreat experience priyanka roy service good polite visit
"Imperfecto, Restro Lounge","Great staff , great food , lovely vibe",5.0,great staff great food lovely vibe
"Imperfecto, Restro Lounge","The place is fantastic with great food and service especially ""Sachin"", he is just fantastic and very friendly, always ready to give the best of himself and treat every customer special.",5.0,place fantastic great food service especially sachin fantastic friendly always ready give best treat every customer special
"Imperfecto, Restro Lounge",Great service and had a good experience.. liked it. And also the staff named Priyanka was good and welcoming. Food was also great.,5.0,great service good experience liked also staff named priyanka good welcoming food also great
"Imperfecto, Restro Lounge",The staff behavior was very good! I liked the food too. It is quite expensive though but worth it.,5.0,staff behavior good liked food quite expensive though worth
"Imperfecto, Restro Lounge",Nice little place & cozy. Food is good. Hospitable. Nice ambience for chilling out with family or friends.,5.0,nice little place cozy food good hospitable nice ambience chilling family friend
"Imperfecto, Restro Lounge",The atmosphere was great. The waitress Priyanka was very sweet and professional. Thank you for the food. Cheers!,5.0,atmosphere great waitress priyanka sweet professional thank food cheer
"Imperfecto, Restro Lounge","The restaurant,food,service and everything was so perfect & good ❤️ would love to visit again😁",5.0,restaurantfoodservice everything perfect good ❤️ would love visit again😁
"Imperfecto, Restro Lounge",Had an amazing experience with everything. Especially Service given by Priyanka Roy made us comfortable and welcoming .,5.0,amazing experience everything especially service given priyanka roy made u comfortable welcoming
"Imperfecto, Restro Lounge","The vibe in this place is fantastic. The food prices are reasonable, and the service is amazing.. special mention to “Sachin da” for amazing service…",5.0,vibe place fantastic food price reasonable service amazing special mention “ sachin da ” amazing service…
"Imperfecto, Restro Lounge",Priyanka Roy and Sachin chettri gives a very good  service nd give a very good hospitality and very good restaurant too plez do visit I really love their services ❤️,3.0,priyanka roy sachin chettri give good service nd give good hospitality good restaurant plez visit really love service ❤️
"Imperfecto, Restro Lounge","Priyanka (Waiter) is respectful,kind and good person 🙂
Also love the resturant",5.0,priyanka waiter respectfulkind good person 🙂 also love resturant
"Imperfecto, Restro Lounge","The food quality and taste of the food is very very poor. They didn't even know the basic tastes of Punjabi sabji.

The Punjabi sabji was very cold and the taste of the sabji was very bad. Even the Punjabi pakoda was tasteless.

I will not recommend anyone to waste their money at Imperfecto, restro lounge.",1.0,food quality taste food poor didnt even know basic taste punjabi sabji punjabi sabji cold taste sabji bad even punjabi pakoda tasteless recommend anyone waste money imperfecto restro lounge
"Imperfecto, Restro Lounge","The food was delicious and healthy. The presentation as awesome and the service is excellent.
thank you 😊",5.0,food delicious healthy presentation awesome service excellent thank 😊
"Imperfecto, Restro Lounge",Loved this place... Yummy cuisine and beautiful ambiance,4.0,loved place yummy cuisine beautiful ambiance
"Imperfecto, Restro Lounge",Food was very delicious and very good service by Priyanka roy. She was very sweet and friendly.,5.0,food delicious good service priyanka roy sweet friendly
"Imperfecto, Restro Lounge",I love the ambience and service is also so nice. Pleasant place to have meal,5.0,love ambience service also nice pleasant place meal
"Imperfecto, Restro Lounge","The ambience and service is unexpectedly awesome!
You can enjoy the club with friends or visit with family!
Very friendly people and great for party and enjoyment purpose....
It's highly recommended to go once...
Overall best in Majhitar!",4.0,ambience service unexpectedly awesome enjoy club friend visit family friendly people great party enjoyment purpose highly recommended go overall best majhitar
"Imperfecto, Restro Lounge",Specially sachin brother too friendly n perfect in everything 🫠🫠 nd just obsessed with the food’s nd drinks,5.0,specially sachin brother friendly n perfect everything 🫠🫠 nd obsessed food ’ nd drink
"Imperfecto, Restro Lounge","Excellent service 💞 awesome and tasty 😋 food and atmosphere best 😍

Sachin  service boy excellent job 😉",5.0,excellent service 💞 awesome tasty 😋 food atmosphere best 😍 sachin service boy excellent job 😉
"Imperfecto, Restro Lounge",Nice restaurant with good service,5.0,nice restaurant good service
"Imperfecto, Restro Lounge","I visited with my friends to give my birthday treat to them. But I am really disappointed with food and service.. the person who has taken order, he do have any food knowledge . I ask for wine as per standers for all restaurant's all over the world. It's served 150ml.. but imperfecto restro lounge served 100ml..  we have order matar paneer for maincouse , paneer was stinking and matar paneer taste sweet .. same we informed to restro incharge.  He offer us to prepare fresh one but we refused, because it will take time.. we had with dal. Really disappointed.",1.0,visited friend give birthday treat really disappointed food service person taken order food knowledge ask wine per stander restaurant world served 150ml imperfecto restro lounge served 100ml order matar paneer maincouse paneer stinking matar paneer taste sweet informed restro incharge offer u prepare fresh one refused take time dal really disappointed
"Imperfecto, Restro Lounge","Out of my words❤️ It was just more than amazing. Those decorations and then the services were applaudable. Mainly what I noticed was the menu price list is affordable literally. This is for the very first time i went through the low menu price..
Thank you Imperfecto❤️❤️❤️",5.0,words❤️ amazing decoration service applaudable mainly noticed menu price list affordable literally first time went low menu price thank imperfecto❤️❤️❤️
"Imperfecto, Restro Lounge","Food quality are very poor now, I don't know why, earlier the food was so tasty and yummy but now they have degrade thier food quality.Recently I ordered sahi panner and it taste like hell, very much disappointed.",1.0,food quality poor dont know earlier food tasty yummy degrade thier food qualityrecently ordered sahi panner taste like hell much disappointed
"Imperfecto, Restro Lounge",Imperfecto is a place for all kind of people whether it’s family friends anyone … taking about the food your taste buds are never gonna regret it it’s really yummy and the service is just first class the brothers out there are down to earth friendly ready to take your photos videos always smiling and ambience is just woow now they have added a dance area too and every time you go something new you are going to see …. So I must say once you visit As after that your legs will automatically move towards imperfecto ❤️❤️❤️❤️❤️❤️❤️,5.0,imperfecto place kind people whether ’ family friend anyone … taking food taste bud never gon na regret ’ really yummy service first class brother earth friendly ready take photo video always smiling ambience woow added dance area every time go something new going see … must say visit leg automatically move towards imperfecto ❤️❤️❤️❤️❤️❤️❤️
"Imperfecto, Restro Lounge","The staff behavior wasn’t good, the current was not there & the staff were telling was that they can’t clean the table for us if we shift frequently from one place to another. Very rude behavior.",1.0,staff behavior ’ good current staff telling ’ clean table u shift frequently one place another rude behavior
"Imperfecto, Restro Lounge",Food was good and so was the service. However the design was an average replica of a pub in Hauz Khas or Planet Mall(which isn't a bad thing). A renovation could be done after consulting an architect.,4.0,food good service however design average replica pub hauz khas planet mallwhich isnt bad thing renovation could done consulting architect
"Imperfecto, Restro Lounge",Nice Restaurant👌Location is so beautiful 👌 service is excellent 👍 Food omg so yummy and delicious 😋 staff is so helpful especially Mr.Rajeev. i want to visited once more time ☺️☺️,5.0,nice restaurant👌location beautiful 👌 service excellent 👍 food omg yummy delicious 😋 staff helpful especially mrrajeev want visited time ☺️☺️
Relax Point Restaurant cum Bar,"Very good food 😋
Stobers heaven",5.0,good food 😋 stobers heaven
Relax Point Restaurant cum Bar,"Sushant, he is a restaurant owner.. I think best food ever I get in sikkim in this restaurant.. Plz visit one time",5.0,sushant restaurant owner think best food ever get sikkim restaurant plz visit one time
Relax Point Restaurant cum Bar,Amazing place to visit. Tasty food and the owner is very nice in nature.,5.0,amazing place visit tasty food owner nice nature
Relax Point Restaurant cum Bar,Immaculate !!! Simply the best!,5.0,immaculate simply best
Grill and Chill Majhitar,One of the best place I visited till date in majitar .wonderful ambience and service .Food was so Good .surely will visit again .All the best for your new venture .,5.0,one best place visited till date majitar wonderful ambience service food good surely visit best new venture
Grill and Chill Majhitar,"Good food and good ambience for a new restaurant
Staffs were really good..
Best wishes🌻",5.0,good food good ambience new restaurant staff really good best wishes🌻
Grill and Chill Majhitar,Best food in town we really enjoyed a lot with their quality in taste and service.,5.0,best food town really enjoyed lot quality taste service
Grill and Chill Majhitar,Best restaurants in an around majhitar. Food was good and ambience was excellent,5.0,best restaurant around majhitar food good ambience excellent
Grill and Chill Majhitar,Must visit.. tasty food..good and Frank staff..,5.0,must visit tasty foodgood frank staff
Grill and Chill Majhitar,It was relly good place to Hangout with friends and family.,5.0,relly good place hangout friend family
Rasoi Republic,"Rasoi Republic Khani Khola, Rangpo Sikkim is a promising new restaurant that brings a fresh and welcoming vibe to the area. The place feels neat and well arranged, and the staff make a sincere effort to greet and serve guests properly.
The food is the real highlight. The dishes taste rich, freshly prepared, and nicely balanced, with that comforting homely feel people expect from a good Indian restaurant. Portions are satisfying, and the flavors come through without being too oily or overly spicy.
For a newly opened restaurant, the service is already impressive. The team seems attentive and polite, and the overall dining experience feels warm rather than rushed. That makes it a good spot for family meals, casual outings, or a relaxed dinner with friends.
Rating: 4.5/5",5.0,rasoi republic khani khola rangpo sikkim promising new restaurant brings fresh welcoming vibe area place feel neat well arranged staff make sincere effort greet serve guest properly food real highlight dish taste rich freshly prepared nicely balanced comforting homely feel people expect good indian restaurant portion satisfying flavor come without oily overly spicy newly opened restaurant service already impressive team seems attentive polite overall dining experience feel warm rather rushed make good spot family meal casual outing relaxed dinner friend rating 455
Tashi Shaa-Khang Chinese restaurant,Ambience is very good .,5.0,ambience good
Tashi Shaa-Khang Chinese restaurant,Amazing food .We loved Chiken momos and thukpa,5.0,amazing food loved chiken momos thukpa
Tashi Shaa-Khang Chinese restaurant,Nice testy food.,4.0,nice testy food
Tashi Shaa-Khang Chinese restaurant,The food was delicious.,5.0,food delicious
Tashi Shaa-Khang Chinese restaurant,Just wonderful 👍,5.0,wonderful 👍
River View Resort and Restaurant,"It was great experience, staff was really nice and friendly, the view was great especially the river part and mountains also the resort is pet friendly which is great thing for pet parents
Really great experience
Must visit ✨",5.0,great experience staff really nice friendly view great especially river part mountain also resort pet friendly great thing pet parent really great experience must visit ✨
River View Resort and Restaurant,"It's was great being there,food was good place was cozy, scenery was amazing had great time.
Must visit!!! you can spend great time with family and friends",5.0,great therefood good place cozy scenery amazing great time must visit spend great time family friend
River View Resort and Restaurant,"Was a great experience, the service the food , the place everything was perfectly great, espicallyyyy the chicken biryaniii! Just wow👍🏻❤️",5.0,great experience service food place everything perfectly great espicallyyyy chicken biryaniii wow👍🏻❤️
River View Resort and Restaurant,So good,5.0,good
River View Resort and Restaurant,Good atmosphere,5.0,good atmosphere
Brunch cafe,"Overall a great place to be at, cold coffee was really good, the lemon tea was really good as well with a good price and the owners are friendly",5.0,overall great place cold coffee really good lemon tea really good well good price owner friendly
Brunch cafe,First of all it's not a cafe. You get nothing with coffee on it and no proper snacks . It's more like those half fastfood and half sweet shop. Whn I went there they said that they are out of coffee all they had was packed goods and cold drinks. Lol how is it even possible?,2.0,first cafe get nothing coffee proper snack like half fastfood half sweet shop whn went said coffee packed good cold drink lol even possible
Brunch cafe,"The food was really good and cheap. I loved it.
One should definitely stop here.",4.0,food really good cheap loved one definitely stop
Brunch cafe,"Great experience we had, great food ..... Lovely service ❤️🎈",5.0,great experience great food lovely service ❤️🎈
Brunch cafe,It really is a good place to hangout with friends.... Food is good at decent price and food quality is really good .,4.0,really good place hangout friend food good decent price food quality really good
Brunch cafe,You can go there and have good food,4.0,go good food
Brunch cafe,"Good food , owner is friendly 👌✌️",5.0,good food owner friendly 👌✌️
Brunch cafe,"Good place for Brunch, lunch and dinner",5.0,good place brunch lunch dinner
Brunch cafe,🌞🌞🌞,4.0,🌞🌞🌞
Coffee Break,Coffee Break is a great spot for a quick bite with plenty of options. I especially love their panini and the sizzling brownie with ice cream. The ambience is also excellent and adds to the experience. Highly recommend visiting for brunch and trying their desserts.,5.0,coffee break great spot quick bite plenty option especially love panini sizzling brownie ice cream ambience also excellent add experience highly recommend visiting brunch trying dessert
Coffee Break,Good atmosphere with good food but the price is little bit more,5.0,good atmosphere good food price little bit
Coffee Break,"The food is really very tasty and the cakes are the best.... The ambience is very comforting and gives a nice vibe... Though I would suggest that they should increase the variety of food items in their menu... All in all its the best place for dates, birthday party or even casual hangout...",5.0,food really tasty cake best ambience comforting give nice vibe though would suggest increase variety food item menu best place date birthday party even casual hangout
Coffee Break,The best in Majithar. Very popular within SMIT folks. The pastries are baked fresh everyday. It was really good. Didn't expect this quality in Sikkim. Great ambience and service. Go for it.,5.0,best majithar popular within smit folk pastry baked fresh everyday really good didnt expect quality sikkim great ambience service go
Coffee Break,"Good taste ,good quality ,price is also ok acording to Sikkim . pastries and muffins are good also , I didn't like the pizza here(thin crust) otherwise rest of the things are on point not soo great but good .you can spend the evening here with friends and family , atmosphere is good ,staffs behaviour is good.",4.0,good taste good quality price also ok acording sikkim pastry muffin good also didnt like pizza herethin crust otherwise rest thing point soo great good spend evening friend family atmosphere good staff behaviour good
Coffee Break,Everyone should visit this place once.... The food were absolutely amazing and the taste were just wowww....Great food with great hospitality.... And the service were amazing as well....,5.0,everyone visit place food absolutely amazing taste wowwwgreat food great hospitality service amazing well
Coffee Break,"A birthday cake in butterscotch
Rainbow cake with white cream
Superb cake
An unexpected touch of tiny butterflies made it more special.

Soft and really delicious sponge as well as cream.
Thank you Coffeebreak! We really enjoyed it and it definitely made the day very exceptional! Looking forward to the next one!",5.0,birthday cake butterscotch rainbow cake white cream superb cake unexpected touch tiny butterfly made special soft really delicious sponge well cream thank coffeebreak really enjoyed definitely made day exceptional looking forward next one
Coffee Break,Food items are more tasty 🤤... especially please try garlic bread n Biscoff pastry.....you gonna love it...👍❤️🙂...,5.0,food item tasty 🤤 especially please try garlic bread n biscoff pastryyou gon na love it👍❤️🙂
Coffee Break,"Great outlet for evening snacks......for a small outing wid frnds..for variety tadte if coffes,latte,cappuccino n lot more.
Must visit.",5.0,great outlet evening snacksfor small outing wid frndsfor variety tadte coffeslattecappuccino n lot must visit
Coffee Break,"The day was success and your contribution made it very special with wonderful and delicious cake.
Big thank you for the wonderful cake. The cake was decorated perfectly. It was soft and the sponge was so moist and delicious. I love your service. Best service ever.
Thank you coffee break team😊",5.0,day success contribution made special wonderful delicious cake big thank wonderful cake cake decorated perfectly soft sponge moist delicious love service best service ever thank coffee break team😊
Coffee Break,Good place to hangout with small group. Friendly and service oriented. They serve tasty pastries which made me feel relaxed after a hectic  day😊😊,4.0,good place hangout small group friendly service oriented serve tasty pastry made feel relaxed hectic day😊😊
Coffee Break,Best place in majithar.. Amazing food and very reasonable priced. The new wooden tables installed are very nice.. The person running the returent is also very polite and gentle.. Amazing place...,5.0,best place majithar amazing food reasonable priced new wooden table installed nice person running returent also polite gentle amazing place
Coffee Break,"A small but a lovely corner to be in. Definitely a gem in this side of the road. Great asthetics, fantastic service.

Maybe don't get three sweet items at a single go. lol. But worth it ! my 9 Yr old self'd be proud.",5.0,small lovely corner definitely gem side road great asthetics fantastic service maybe dont get three sweet item single go lol worth 9 yr old selfd proud
Coffee Break,"Great for evening snacks, only veg, good ambience, very clean. Tasty food.",5.0,great evening snack veg good ambience clean tasty food
Coffee Break,"Awesome experience,  amazing service... celebrated birthday....it was well organized... good music...❤❤🤩",5.0,awesome experience amazing service celebrated birthdayit well organized good music❤❤🤩
Coffee Break,"The red cheese  baked pasta is amazing.
Pizzas are good, pan cakes are delicious",5.0,red cheese baked pasta amazing pizza good pan cake delicious
Coffee Break,Best in class as well as best in price too. The Ambience and the quality of the beverages are too Good. 😀,5.0,best class well best price ambience quality beverage good 😀
Coffee Break,It was a great experience and the food quality is awesome👍.,5.0,great experience food quality awesome👍
Coffee Break,"Food is good, specially the pizza is great 😋.
I would recommend you guys to go there and take a break from your work and enjoy the food. It's really delicious.",5.0,food good specially pizza great 😋 would recommend guy go take break work enjoy food really delicious
Coffee Break,"One of the best coffee shop in Sikkim
🍰 Awesome service was always great",5.0,one best coffee shop sikkim 🍰 awesome service always great
Coffee Break,Nice place nice food Enjoyed service awesome,5.0,nice place nice food enjoyed service awesome
Coffee Break,Good for briverage... Like shakes and coffee.... varities of Cuisines....,4.0,good briverage like shake coffee varities cuisine
Coffee Break,Cake was so delicious n the staff was very polite n they completed the order within the given time,4.0,cake delicious n staff polite n completed order within given time
Coffee Break,"A chill place for Italian and Mexican food. A well maintained restaurant in terms of food quality, taste, ambience.",5.0,chill place italian mexican food well maintained restaurant term food quality taste ambience
Coffee Break,Most beautiful  cozy adda zone with quality  environment  n food.Meeting friends over a cup of coffee is an add on factor of this place.I 😉love coffee break,5.0,beautiful cozy adda zone quality environment n foodmeeting friend cup coffee add factor placei 😉love coffee break
Coffee Break,"The cakes was so fantastic amazing
Thank u coffee break n all the team",5.0,cake fantastic amazing thank u coffee break n team
Coffee Break,It's a good nd budget friendly place for hang out,5.0,good nd budget friendly place hang
Coffee Break,"Had a wonderful meal its really a very good place for hangout. The taste of  meals and cake is great and the quantity really fulfills  the tummy.
Expert in making designer cake.
The best in town and a must visit place for all tourists and enjoy the coffee and snack that beats big brands.",5.0,wonderful meal really good place hangout taste meal cake great quantity really fulfills tummy expert making designer cake best town must visit place tourist enjoy coffee snack beat big brand
Coffee Break,Great coffee shop... Very nice location,4.0,great coffee shop nice location
Coffee Break,I recently had the pleasure of trying different varieties of garlic bread and sandwiches. From classic garlic butter spread to cheesy garlic knots each bite was a burst of flavor. The sandwiches ranged from delicious chicken pesto to mouthwatering Italian sub. It was a satisfying and unforgettable culinary experience.,4.0,recently pleasure trying different variety garlic bread sandwich classic garlic butter spread cheesy garlic knot bite burst flavor sandwich ranged delicious chicken pesto mouthwatering italian sub satisfying unforgettable culinary experience
Coffee Break,One of the best coffee shop in Sikkim,5.0,one best coffee shop sikkim
Coffee Break,"I ordered cake for my niece.
They make  same as picture that i provided.
Taste was very delicious.",5.0,ordered cake niece make picture provided taste delicious
Coffee Break,One of the best cake shop in sikkim,5.0,one best cake shop sikkim
Coffee Break,"We've been here numerous times and they dont fail our expectations ever. Whether u r a vegetarian or not, u will definitely like the food here. My all time favourite has always been Watermelon slush which is a must try. Staff is too good and courteous. And they home deliver the food if u want,that too on time. All the best coffee break. Visit u soon.",5.0,weve numerous time dont fail expectation ever whether u r vegetarian u definitely like food time favourite always watermelon slush must try staff good courteous home deliver food u wantthat time best coffee break visit u soon
Coffee Break,"Ordered customized cakes over the phone twice, and the experience have been great so far. Good service and delicious cakes ☺️",5.0,ordered customized cake phone twice experience great far good service delicious cake ☺️
Coffee Break,It's a regular weekend joint for is to have some great coffee and icecream.,5.0,regular weekend joint great coffee icecream
Coffee Break,"It's a great place. The items available here might appear to be over priced, but trust me you won't be disappointed to see the quality and the quantity of the item that you've ordered. They accept PayPal, Paytm, Google pay and card payments too. The J.C.C Burger that you get here might be the best burger you'd get in Sikkim. 3 years and I couldn't find anyone better. This place is quiet and has a nice ambiance.",5.0,great place item available might appear priced trust wont disappointed see quality quantity item youve ordered accept paypal paytm google pay card payment jcc burger get might best burger youd get sikkim 3 year couldnt find anyone better place quiet nice ambiance
Coffee Break,Umm. The place is quite small but the food is really good. They are pure veg which means I can hangout with my veg friends. The only flaw is that their seats are really low which is quite uncomfortable for a tall person like me.,4.0,umm place quite small food really good pure veg mean hangout veg friend flaw seat really low quite uncomfortable tall person like
Coffee Break,"Best stop in Majhitar for great coffee and shakes. Amazing waffles, pancakes, burgers, fries, everything is delicious. Fast service. Cozy place.",5.0,best stop majhitar great coffee shake amazing waffle pancake burger fry everything delicious fast service cozy place
Coffee Break,Had a great time been here..awesome enviournment..😍🤙,5.0,great time hereawesome enviournment😍🤙
Coffee Break,Good place for hangout with friends,5.0,good place hangout friend
Coffee Break,One of the best bakery in rangpo,4.0,one best bakery rangpo
Coffee Break,"The owner is very grumpy and and fights with you over water and syrup, but the food is nice and so are the servers.",3.0,owner grumpy fight water syrup food nice server
Coffee Break,Nice place one of the best cake shop in Sikkim,5.0,nice place one best cake shop sikkim
Coffee Break,One with the Italian Cuisine. 😍 But thanks to the owner and his honorable ethics. It's Only Veg! Well that shouldn't stop you from having delicious dishes!,5.0,one italian cuisine 😍 thanks owner honorable ethic veg well shouldnt stop delicious dish
Coffee Break,All items r delicious @ services are too fast,5.0,item r delicious service fast
Coffee Break,"One of the best places in Majhitar, Sikkim. An Italian restaurant which offers one of the best pastas that you will ever have. Also it specializes in baking and gives you a lot of options to choose from.",5.0,one best place majhitar sikkim italian restaurant offer one best pasta ever also specializes baking give lot option choose
Coffee Break,One of the best place to hangout out with friends in Majitar. Food tastes really good. Pizza and Pasta is a must have option.,5.0,one best place hangout friend majitar food taste really good pizza pasta must option
FOOD4U,Very nice service and the quality of the food grade is also very good  & delicious . need  bit  improvement on service provided by your side .,4.0,nice service quality food grade also good delicious need bit improvement service provided side
FOOD4U,"They provide good quality food with reasonable price, overall 👍",5.0,provide good quality food reasonable price overall 👍
FOOD4U,Food was ok but people r kind so it's fine !!!!!!,3.0,food ok people r kind fine
FOOD4U,I am proud of Divya Jyoti 🏫,5.0,proud divya jyoti 🏫
FOOD4U,Good,5.0,good
FOOD4U,Amazing,5.0,amazing
FOOD4U,Awsm ✨,5.0,awsm ✨
Down town Restro & Bar,"A must visit place with Amazing food and  incredible hospitality.Coolest joint for all the youngsters,families and groups with a facility of open outdoor dine and private cabins situated in a very beautiful lush green location with a huge parking.",5.0,must visit place amazing food incredible hospitalitycoolest joint youngstersfamilies group facility open outdoor dine private cabin situated beautiful lush green location huge parking
Down town Restro & Bar,Good place to hang out with friends. Food was okay.,4.0,good place hang friend food okay
Down town Restro & Bar,Good food good service and good packaging 😊😊😊✌️,5.0,good food good service good packaging 😊😊😊✌️
Down town Restro & Bar,Good food and Good place for hangout,5.0,good food good place hangout
Down town Restro & Bar,"Good location , good place for hangout",5.0,good location good place hangout
Down town Restro & Bar,Food is very delicious...,3.0,food delicious
Down town Restro & Bar,This place sucks,1.0,place suck
Down town Restro & Bar,Excellent Cuisine.,5.0,excellent cuisine
"SK01 , FOOD•TOUR•CULTURE",Loved the ambience and the food❤️❤️,5.0,loved ambience food❤️❤️
"SK01 , FOOD•TOUR•CULTURE",Great atmosphere. Amazing food. Lots of options and it’s pocket friendly! Definitely try the pav bhaji!!!,5.0,great atmosphere amazing food lot option ’ pocket friendly definitely try pav bhaji
"SK01 , FOOD•TOUR•CULTURE","SK01 Restaurant exceeded my expectations in every way. The ambiance was inviting, the staff attentive, and the food was a masterpiece. Fresh ingredients and balanced flavors made every dish a delight. Quick service and creative desserts added to the amazing experience. Highly recommend for any occasion. Can't wait to return!",5.0,sk01 restaurant exceeded expectation every way ambiance inviting staff attentive food masterpiece fresh ingredient balanced flavor made every dish delight quick service creative dessert added amazing experience highly recommend occasion cant wait return
"SK01 , FOOD•TOUR•CULTURE",If you want to taste authentic Tibetan and Nepali cuisine go for it! It’s too good,5.0,want taste authentic tibetan nepali cuisine go ’ good
"SK01 , FOOD•TOUR•CULTURE",Very good food with great staff and also the ambience is also very good the laphing was amazing for me.,5.0,good food great staff also ambience also good laphing amazing
"SK01 , FOOD•TOUR•CULTURE","I was craving for a good cup of tea!
The solution I got is SK01.
PLUS THE AMAZING FOOD!",5.0,craving good cup tea solution got sk01 plus amazing food
"SK01 , FOOD•TOUR•CULTURE",Yummy food n reasonable price also like the service.,5.0,yummy food n reasonable price also like service
"SK01 , FOOD•TOUR•CULTURE",Laphing and jhol momo they serve is bestest 👌,5.0,laphing jhol momo serve bestest 👌
"SK01 , FOOD•TOUR•CULTURE",Food was delicious,4.0,food delicious
"SK01 , FOOD•TOUR•CULTURE",Really love the food over here,5.0,really love food
"SK01 , FOOD•TOUR•CULTURE",Awesome,5.0,awesome
BITE & BREW,"Family friendly restaurant and bar
Well maintain service are good",3.0,family friendly restaurant bar well maintain service good
BITE & BREW,"Prices are too high according to the quantity, and service is too late. Waiter not attentive at all, had to wait alot even for water. My friend ordered veg noodles got served chicken noodles and they were pure vegetarians.. bad experience.. could look after it . And improve.",2.0,price high according quantity service late waiter attentive wait alot even water friend ordered veg noodle got served chicken noodle pure vegetarian bad experience could look improve
BITE & BREW,Great food and service was really good.,5.0,great food service really good
BITE & BREW,"The place has a nice mix of cafe, restaurant, and bar vibes, so it works whether you’re just hanging out with friends, grabbing food, or staying a bit longer in the evening time.
The atmosphere is relaxed and comfortable, and the karaoke setup adds a fun element. Food was good, and the overall experience felt worth it—nothing overhyped, just a solid place to unwind.
Service was smooth and very cordial, and the location is convenient too, especially being close to the main road area. It is one of the go to hangout spots in Majhitar.
Definitely worth visiting.",5.0,place nice mix cafe restaurant bar vibe work whether ’ hanging friend grabbing food staying bit longer evening time atmosphere relaxed comfortable karaoke setup add fun element food good overall experience felt worth — nothing overhyped solid place unwind service smooth cordial location convenient especially close main road area one go hangout spot majhitar definitely worth visiting
Bliss N Taste,"Weekend or weekdays, Beer united is for everyday and night party.",5.0,weekend weekday beer united everyday night party
Bliss N Taste,Not So Good.....I felt bored,1.0,goodi felt bored
Palate tender bar and restaurant,"It was a huge surprise for me to taste the food I have dream about🌈
... Yumm 😋😋yum😋...
Just keep your taste same till last
And loved to visit again an again 🙏
FnB team you were owsm and your service too 👍",5.0,huge surprise taste food dream about🌈 yumm 😋😋yum😋 keep taste till last loved visit 🙏 fnb team owsm service 👍
Palate tender bar and restaurant,The best u could ever find. Guys do visit this restaurant ❤️✌🏻🧿,5.0,best u could ever find guy visit restaurant ❤️✌🏻🧿
Palate tender bar and restaurant,Best place to hangout with friends.The food was awesome and the staff was very polite.,5.0,best place hangout friendsthe food awesome staff polite
Palate tender bar and restaurant,"Soooooooo good food loved it
Dooo visit",5.0,soooooooo good food loved dooo visit
Palate tender bar and restaurant,"Must visit once 🔂
Really enjoyed being here🌷",5.0,must visit 🔂 really enjoyed here🌷
Palate tender bar and restaurant,Very nice food and a cozy ambience.... the hospitality is superb,5.0,nice food cozy ambience hospitality superb
Palate tender bar and restaurant,"Very good service
Appreciated with foods
Must visit",5.0,good service appreciated food must visit
Palate tender bar and restaurant,Great experience and great service. Nice atmosphere helps,5.0,great experience great service nice atmosphere help
Lounge 88 Rooftop,"Staff polite and comfirming,menu deserves a 5/5,its just a barefoot walkable distance from the west bengal/sikkim checkpost.Service is amazing,just the always closed windows relying on ACs can be left open sometimes to give the vibe of sikkim",4.0,staff polite comfirmingmenu deserves 55its barefoot walkable distance west bengalsikkim checkpostservice amazingjust always closed window relying ac left open sometimes give vibe sikkim
Lounge 88 Rooftop,"Highly recommended for evening booze. What an ambience, live singing, great food with always smiling service. Have to go place when u are at Majitar.",5.0,highly recommended evening booze ambience live singing great food always smiling service go place u majitar
Lounge 88 Rooftop,The hotel staff displayed an extremely rude and unhelpful attitude . Their behavior was unprofessional and unacceptable for a service. The management should take immediate action to improve staff training and ensure guests are treated with respect.,1.0,hotel staff displayed extremely rude unhelpful attitude behavior unprofessional unacceptable service management take immediate action improve staff training ensure guest treated respect
Lounge 88 Rooftop,"Honestly, good environment & lively music with a good vibe ,its nearly 11:30 pm and i just came out of there, (something went wrong with the order (proven), of which i can Totally understand - all Thanks to the the management they waived off the charges ...... thankyou soo much seeing you guys were soo consumer friendly... Would surely visit next time....",4.0,honestly good environment lively music good vibe nearly 1130 pm came something went wrong order proven totally understand thanks management waived charge thankyou soo much seeing guy soo consumer friendly would surely visit next time
Lounge 88 Rooftop,Good food and nice ambience...... bit expensive though,4.0,good food nice ambience bit expensive though
Lounge 88 Rooftop,"The food and the general ambience of this place is amazing and the location is very accessible. Its right on NH10 so you can spot it easily when you are travelling. The food is excellent and bar serves variety of alcoholic drinks as well as beverages.
The little issue is with the behavior of staff who were a little rude.",4.0,food general ambience place amazing location accessible right nh10 spot easily travelling food excellent bar serf variety alcoholic drink well beverage little issue behavior staff little rude
Lounge 88 Rooftop,They changed the staff. And new staffs are really polite and punctual. They serve really quick.Good ambience. But the french fries were little oily. Just had beer and french fries so writing in short.,4.0,changed staff new staff really polite punctual serve really quickgood ambience french fry little oily beer french fry writing short
Lounge 88 Rooftop,"Food quality is not good , the service boy is rude and not mood of grow business, the area is like drunk",1.0,food quality good service boy rude mood grow business area like drunk
Lounge 88 Rooftop,A nice cozy place. Food is good. Nice ambience. Good place to hangout with friends.,5.0,nice cozy place food good nice ambience good place hangout friend
Lounge 88 Rooftop,"There service peoples are not good they are arguing and not provided good food , and arguing more they are like Gunda , please don't go there , go to native",1.0,service people good arguing provided good food arguing like gunda please dont go go native
Lounge 88 Rooftop,"Food was delicious, nice and cozy place👌",4.0,food delicious nice cozy place👌
Lounge 88 Rooftop,Good place to hangout in both Majhitar and  Rangpo. Awesome after hour  place with good food.,5.0,good place hangout majhitar rangpo awesome hour place good food
Lounge 88 Rooftop,"Visited this awesome place in Majitar and it's an absolute winner! The vibes are on point - cool yet cozy. A perfect spot for a chill night out.
Even the bar owners got in on the karaoke action! I would love to visit this place again on my next trip to sikkim",5.0,visited awesome place majitar absolute winner vibe point cool yet cozy perfect spot chill night even bar owner got karaoke action would love visit place next trip sikkim
Lounge 88 Rooftop,"Had a very bad experience, We were charged for more drinks than we drank. When we told about it, the lady owner was rude. I suggest everyone to check your bills properly before you leave the place. I don’t recommend this place, the service was slow and the staffs are inexperience.",1.0,bad experience charged drink drank told lady owner rude suggest everyone check bill properly leave place ’ recommend place service slow staff inexperience
Lounge 88 Rooftop,"Nice set up. Place was cool, but have left some room for improvement.
Service was quick unlike other restaurants.
Smart and polite guys for their hospitality.
Parking was a big problem.
Yes, park it anywhere on the main Highway. That's what everyone does so why be an exception.",3.0,nice set place cool left room improvement service quick unlike restaurant smart polite guy hospitality parking big problem yes park anywhere main highway thats everyone exception
Lounge 88 Rooftop,"Place is good, Ambience is also very good.
Food Quality and Rate is good.
Service is also good.
I like the concept of sitting on the floor which  give homely feel.
I thing in which I will deduct some marks is on washrooms. They are not as good as restaurant.",4.0,place good ambience also good food quality rate good service also good like concept sitting floor give homely feel thing deduct mark washroom good restaurant
Lounge 88 Rooftop,Bar and Restaurant with other facility as well. Loved visiting here,5.0,bar restaurant facility well loved visiting
Lounge 88 Rooftop,"Alright so we went to this place on 8th of December and we are a lot of fun I would  also recommend this place for karaoke Nights,birthday parties,etc the food was absolutely tasty no doubt the crispy chicken, the Mushroom Manchurian and the cheese pakora were both too good to exist on earth it felt like I was eating a dish that were specially brought down from the heavens for us to eat I would recommend this place for vegetarians and non vegetarians and there was also a inbuilt bar in it... oops I forgot to mention one thing the free Wi-Fi oh my God the Wi-Fi was fast and the connections for lots mother even though nearly 30 peoples mobiles are connected hi could receive up to 35 MS latency on COD mobile",5.0,alright went place 8th december lot fun would also recommend place karaoke nightsbirthday partiesetc food absolutely tasty doubt crispy chicken mushroom manchurian cheese pakora good exist earth felt like eating dish specially brought heaven u eat would recommend place vegetarian non vegetarian also inbuilt bar oops forgot mention one thing free wifi oh god wifi fast connection lot mother even though nearly 30 people mobile connected hi could receive 35 m latency cod mobile
Lounge 88 Rooftop,Ambience is good. Though couldn’t fine cheese in cheese pakora. Prices of items added to the bill that wasn’t even ordered.,2.0,ambience good though ’ fine cheese cheese pakora price item added bill ’ even ordered
Lounge 88 Rooftop,"All food tastes same. In sizzler they had put boiled chilly chicken. With drinks they gives peanuts and then they say ""its complimentary"". Later they charges in the bill. Horrible !! Its another restaurant who is just snatching money of others.  Recommend to avoid this joint. All bogus.",1.0,food taste sizzler put boiled chilly chicken drink give peanut say complimentary later charge bill horrible another restaurant snatching money others recommend avoid joint bogus
Lounge 88 Rooftop,One of the best place to hangout with friends and family. Food is awesome throught the highway till Ranipool. Staff and service is first class. Only issue is water supply wherein frequent issue of water shortage is felt in the washrooms.,5.0,one best place hangout friend family food awesome throught highway till ranipool staff service first class issue water supply wherein frequent issue water shortage felt washroom
Lounge 88 Rooftop,"First time experience in this restaurant has soo hospitable, and the food over there is just out of the world. Would like to dine in here again and again!! Worth every penny:)❤️‍🩹👋😊📎",4.0,first time experience restaurant soo hospitable food world would like dine worth every penny❤️‍🩹👋😊📎
Lounge 88 Rooftop,"This place serves Cheese balls. Believe me, you will be mesmerized after having those cheese balls. Those were so soft and well prepared that you can able to test every inch of those cheese balls. If you are traveling to Gangtok, its my suggestion, take out some time and have those amezing cheese balls. You will be thankful to me after having those.",5.0,place serf cheese ball believe mesmerized cheese ball soft well prepared able test every inch cheese ball traveling gangtok suggestion take time amezing cheese ball thankful
Lounge 88 Rooftop,"It's one of the best stopover for refreshment  once you cross the border town of Rangpo while heading towards Gangtok. You may get to meet a friendly host, the service is prompt and the food is delicious.",5.0,one best stopover refreshment cross border town rangpo heading towards gangtok may get meet friendly host service prompt food delicious
Lounge 88 Rooftop,The food is very yummy and the service is great... It's a little overpriced but apart from that everything is great about the place.... Be it the food or the ambience.... Even the staffs are very friendly and it gives you a homely feeling,5.0,food yummy service great little overpriced apart everything great place food ambience even staff friendly give homely feeling
Lounge 88 Rooftop,Best lounge  in majhitar sikkim,5.0,best lounge majhitar sikkim
Lounge 88 Rooftop,One of the best restaurant around Rango region of Sikkim..Price of dishes are acceptable and the dishes are simply delicious and awesome.. Give a visit if anyone visits Sikkim you will get to know the rest of the things...Serving is also great...The staffs are interactive ..,5.0,one best restaurant around rango region sikkimprice dish acceptable dish simply delicious awesome give visit anyone visit sikkim get know rest thingsserving also greatthe staff interactive
Lounge 88 Rooftop,Great food! Great ambience... But only if there would not have been such water problems for washroom. Would make it more hygienic.,4.0,great food great ambience would water problem washroom would make hygienic
Lounge 88 Rooftop,Cool place to hangout if you are in Majitar. Service is good. Music played here is quite lively. Overall it is a cool place to hangout.,4.0,cool place hangout majitar service good music played quite lively overall cool place hangout
Lounge 88 Rooftop,Had a very warm experience,5.0,warm experience
Lounge 88 Rooftop,Good food. The noodles in this place are off the hook. And the ambience and aura of the place feels at home. Its warm and cozy and perfect for a winter snuggle,4.0,good food noodle place hook ambience aura place feel home warm cozy perfect winter snuggle
Lounge 88 Rooftop,"One of the best restaurants of Majitar area.

Nice food

But the waiters are not upto mark.

The management need to change the waiters.",4.0,one best restaurant majitar area nice food waiter upto mark management need change waiter
Lounge 88 Rooftop,"Its a cozy place with beautiful interio with ambience. Liked it.
The food was good, Karaoke 🎤 available with loud music 🔊
Cool Place...  Bar..  and yes Smoking allowed 🚬 👌",4.0,cozy place beautiful interio ambience liked food good karaoke 🎤 available loud music 🔊 cool place bar yes smoking allowed 🚬 👌
Lounge 88 Rooftop,"They gave us complimentary food but later added the amount to bill. Do not recommend, food was not even that good.",1.0,gave u complimentary food later added amount bill recommend food even good
Lounge 88 Rooftop,Very great place. Owners are good and warm welcoming. Waiters are polite and addressable. Keep it up! 😎,5.0,great place owner good warm welcoming waiter polite addressable keep 😎
Lounge 88 Rooftop,"Good service.More good is the food.The more fantastic is the live music out there
Good place to enjoy with friends, family and your loved ones...",5.0,good servicemore good foodthe fantastic live music good place enjoy friend family loved one
Lounge 88 Rooftop,"the food , service, and ambience is so good to be with.
specially the owner is so good.
I suggest everyone to visit the owner and talk about food and beverages",5.0,food service ambience good specially owner good suggest everyone visit owner talk food beverage
Lounge 88 Rooftop,Delivery is late. Food is way too expensive. Place is too cramped. They charge higher bills if they notice the customer is drunk.,1.0,delivery late food way expensive place cramped charge higher bill notice customer drunk
Lounge 88 Rooftop,"Very friendly staff and nice ambient
Good food and drink at affordable rates
Hookah is also available here",5.0,friendly staff nice ambient good food drink affordable rate hookah also available
Lounge 88 Rooftop,Nice ambience with good service from the staff. Owner of the place really takes care of their customers.,4.0,nice ambience good service staff owner place really take care customer
Lounge 88 Rooftop,Smokey chicken test yummy,4.0,smokey chicken test yummy
Lounge 88 Rooftop,Food is good and staffs are well mannered and yammy taste....,4.0,food good staff well mannered yammy taste
Lounge 88 Rooftop,This lounge is near sundar hotel and resort.,4.0,lounge near sundar hotel resort
Lounge 88 Rooftop,It's awesome... Food.. Ambiance.. Everything.. But yes.. Please come with heavy pocket.. 😅,5.0,awesome food ambiance everything yes please come heavy pocket 😅
Lounge 88 Rooftop,The place is good. Reasonably Priced. The bartender is a very sweet guy. Overall good.,5.0,place good reasonably priced bartender sweet guy overall good
Lounge 88 Rooftop,Nice ambience good food i like this place u must visit....,4.0,nice ambience good food like place u must visit
Lounge 88 Rooftop,Very nice place and really cozy,5.0,nice place really cozy
Lounge 88 Rooftop,Very good place having live music options with lounge areas.,5.0,good place live music option lounge area
Funky Monkey Bar & Restaurant,Good food and drinks with live music.,5.0,good food drink live music
Funky Monkey Bar & Restaurant,Good place for enjoy with friends and family,5.0,good place enjoy friend family
Funky Monkey Bar & Restaurant,"Satisfactory,,🤗",5.0,satisfactory🤗
Priya Hotel,Good food at nominal price. Better than  SMIT Canteen. Find the menu latest as of Dec 2017.,4.0,good food nominal price better smit canteen find menu latest dec 2017
Priya Hotel,"It's is the best place in Majitar. And for the students of Sikkim Manipal Institute of Technology, it's near to the main gate. Even the food is very much delicious. Hospitality of Priya Hotel is also Good.. Even the quality and Quantity is also superb. I would suggest this hotel to have food here anytime if someone visit Sikkim. Thank You..😊😊",5.0,best place majitar student sikkim manipal institute technology near main gate even food much delicious hospitality priya hotel also good even quality quantity also superb would suggest hotel food anytime someone visit sikkim thank you😊😊
Priya Hotel,"A simple, honest hotel that gives you , warm food, and respectful service — all at an affordable rate. If you’re in Majhitar or passing through Rangpo, Priya Hotel is a safe and satisfying choice.",4.0,simple honest hotel give warm food respectful service — affordable rate ’ majhitar passing rangpo priya hotel safe satisfying choice
Priya Hotel,"Awesome food ✌️👌 , kolpo thali is best",5.0,awesome food ✌️👌 kolpo thali best
Priya Hotel,"One of the best hotel in majitar, East Sikkim",5.0,one best hotel majitar east sikkim
Priya Hotel,Food quality and quantity is good. Service is also good. Maintain hygiene. Behaviour is also good,5.0,food quality quantity good service also good maintain hygiene behaviour also good
Priya Hotel,Really good to have a bit here. Have many varieties of food here. Also serves parathas abd chai. There serve meals as well.,4.0,really good bit many variety food also serf parathas abd chai serve meal well
Priya Hotel,"It's an eatery for college students, you'll get food for cheap that'll help you keep hunger at bay",4.0,eatery college student youll get food cheap thatll help keep hunger bay
Priya Hotel,"If u miss the taste of your home ,this is the place ....they serve the best thalis(veg and non veg) in an affordable price......",5.0,u miss taste home place serve best thalisveg non veg affordable price
Priya Hotel,Nice hotel to eat for lunch or tiffin. Effortable and food is good,3.0,nice hotel eat lunch tiffin effortable food good
Priya Hotel,Very good behaviour. Feel like home. Kalpo thali best in Sikkim,4.0,good behaviour feel like home kalpo thali best sikkim
Priya Hotel,Excellent place to have both breakfast lunch and dinner.,5.0,excellent place breakfast lunch dinner
Priya Hotel,Best hotel in reasonable price.....specially the thali....,5.0,best hotel reasonable pricespecially thali
Priya Hotel,Only place selling proper lunch near smit at a cheap price,4.0,place selling proper lunch near smit cheap price
Priya Hotel,Good quality food served here,4.0,good quality food served
Priya Hotel,good food good service good customer care,4.0,good food good service good customer care
Priya Hotel,Better place to have your lunch and dinner,4.0,better place lunch dinner
Priya Hotel,Good bengali food,5.0,good bengali food
Priya Hotel,Good food and hospitality,5.0,good food hospitality
Priya Hotel,Nice food,5.0,nice food
Priya Hotel,Nyc,5.0,nyc
Priya Hotel,Nice,4.0,nice
Priya Hotel,average,3.0,average
Priya Hotel,Just ordinary,3.0,ordinary
Priya Hotel,Good service,5.0,good service
Priya Hotel,Excellent💯,5.0,excellent💯
